ReleasesCount,Stars,Age,Cbo,Dit,Lcom2,Loc,RepositoryName
0,137739,3,0,0,0,,CyC2018/CS-Notes
0,110128,3,0,0,0,,Snailclimb/JavaGuide
0,69915,2591,3,1,0,,iluwatar/java-design-patterns
0,57000,3,0,0,0,,doocs/advanced-java
106,56997,9,4,1,0,,spring-projects/spring-boot
56,56421,4234,6.0,2.0,1.0,,elastic/elasticsearch
0,53775,4,1,1,0,,kdn251/interviews
1,52185,3,3,1,0,,macrozheng/mall
225,45131,8,1,1,0,,ReactiveX/RxJava
210,44186,11,3,1,0,,spring-projects/spring-framework
32,42232,7,2,1,0,,google/guava
0,40575,1884,1.0,1.0,1.0,,TheAlgorithms/Java
0,38646,11,3,1,0,,square/retrofit
0,38373,2,0,0,0,,kon9chunkit/GitHub-Chinese-Top-Charts
38,36090,9,4,1,0,,apache/dubbo
44,33888,7,5,1,0,,PhilJay/MPAndroidChart
36,31709,5,4,1,0,,airbnb/lottie-android
36,31664,8,4,1,0,,bumptech/glide
116,29776,5,2,1,0,,Blankj/AndroidUtilCode
14,28643,2,5.0,1.0,1.0,,NationalSecurityAgency/ghidra
0,28360,1,1,1,0,,geekxh/hello-algorithm
27,28318,10,4,2,"0,22222222",,zxing/zxing
0,27480,11,3,1,0,,netty/netty
0,27392,8,3.0,1.0,0.0,,eugenp/tutorials
14,27103,3100,3.0,1.0,0.0,,skylot/jadx
37,27015,3,3,1,0,,alibaba/arthas
0,26390,1365,1.0,1.0,0.0,,crossoverJie/JCSprout
0,26176,5,4,1,0,,ityouknow/spring-boot-examples
0,25734,8,2,1,0,,JakeWharton/butterknife
32,25373,5,4,1,0,,apolloconfig/apollo
49,25380,4,4,1,"0,3875",,proxyee-down-org/proxyee-down
16,24739,3,4,1,0,,jeecgboot/jeecg-boot
42,24477,3601,5.0,2.0,0.0,,alibaba/druid
82,23771,3601,2.0,1.0,0.0,,alibaba/fastjson
5,23593,3345,3.0,1.0,0.0,,greenrobot/EventBus
0,23224,4,4,1,0,,xkcoding/spring-boot-demo
8,22955,1563,3.0,1.0,0.0,,scwang90/SmartRefreshLayout
0,22232,3,2,1,0,,lenve/vhr
191,22229,5,3,1,0,,CymChad/BaseRecyclerViewAdapterHelper
135,21992,6,5,1,0,,dbeaver/dbeaver
79,21912,9,2,1,0,,Netflix/Hystrix
0,21560,3,4,1,0,,wuyouzhuguli/SpringAll
69,21568,8,4,1,0,,SeleniumHQ/selenium
0,21485,3,0,0,0,,hollischuang/toBeTopJavaer
0,21476,1094,3.0,1.0,0.0,,qiurunze123/miaosha
0,21075,10,5,1,0,,signalapp/Signal-Android
1,21081,1314,5.0,1.0,1.0,,alibaba/easyexcel
31,20767,989,5.0,1.0,3.0,,seata/seata
21,20339,8,4,1,0,,alibaba/canal
99,20294,7,3,1,0,,dromara/hutool
25,19999,4,5,1,0,,alibaba/spring-cloud-alibaba
1,20003,6,2,1,0,,google/gson
0,19842,3681,4.0,1.0,0.0,,apache/kafka
72,19699,1271,5.0,1.0,0.0,,halo-dev/halo
18,19498,2581,1.0,1.0,0.0,,ReactiveX/RxAndroid
41,19224,3,3,1,0,,alibaba/nacos
30,19315,6,3,1,0,,xuxueli/xxl-job
8,18860,9,4,1,"0,16666667",,libgdx/libgdx
13,18203,7,5,1,0,,google/ExoPlayer
7,18108,8,"3,5",1,0,,square/picasso
4,17890,3,2,1,0,,didi/DoraemonKit
5,17907,9,3,1,0,,Baseflow/PhotoView
68,17749,8,3,1,0,,DrKLO/Telegram
124,17815,3947,4.0,2.0,0.0,,jenkinsci/jenkins
46,17705,2136,4.0,1.0,0.0,,apache/skywalking
99,17304,7,4,1,0,,redisson/redisson
116,17303,2649,4.0,1.0,0.0,,bazelbuild/bazel
18,17287,1257,3.0,1.0,0.0,,alibaba/Sentinel
0,17096,2654,5.0,1.0,0.0,,apache/flink
0,16844,3577,3.0,1.0,0.5,,nostra13/Android-Universal-Image-Loader
44,16656,2386,5.0,1.0,0.0,,facebook/fresco
26,16640,1764,2.0,1.0,0.0,,CarGuo/GSYVideoPlayer
6,16325,1003,4.0,1.0,0.0,,elunez/eladmin
8,16312,1270,3.0,1.0,1.0,,linlinjava/litemall
34,16190,3132,2.0,1.0,0.0,,mybatis/mybatis-3
0,16083,1804,3.0,1.0,0.0,,shuzheng/zheng
42,16007,1832,3.0,1.0,0.0,,Tencent/tinker
0,15934,1618,4.0,1.0,0.0,,forezp/SpringCloudLearning
0,15887,3203,4.0,1.0,1.0,,dianping/cat
32,15882,2068,4.0,1.0,1.0,,oracle/graal
0,15718,2896,3.0,1.0,0.0,,brettwooldridge/HikariCP
3,15311,1747,3.0,1.0,1.0,,apache/rocketmq
0,15144,3214,2.0,1.0,0.0,,EnterpriseQualityCoding/FizzBuzzEnterpriseEdition
0,15004,2737,1.0,1.0,0.0,,winterbe/java8-tutorial
0,14949,2581,4.0,1.0,1.0,,android10/Android-CleanArchitecture
107,14923,2201,5.0,1.0,1.0,,TeamNewPipe/NewPipe
62,14697,3385,5.0,1.0,1.0,,openzipkin/zipkin
44,14516,2064,5.0,1.0,0.0,,apache/shardingsphere
0,14496,1679,3.0,1.0,0.0,,JeffLi1993/springboot-learning-example
3,14448,1689,2.5,1.0,1.0,,lottie-react-native/lottie-react-native
12,14072,3278,3.0,1.0,0.0,,LMAX-Exchange/disruptor
0,14011,2795,5.0,2.0,0.0,,hdodenhof/CircleImageView
0,13581,2380,2.0,1.0,0.0,,lgvalle/Material-Animations
0,13537,1848,4.0,1.0,0.0,,dyc87112/SpringBoot-Learning
16,13413,1733,2.0,1.0,0.0,,alibaba/ARouter
35,13155,1605,3.0,1.0,0.0,,Tencent/QMUI_Android
16,12982,2368,6.0,1.0,0.0,,orhanobut/logger
0,12912,2450,2.0,1.0,0.0,,Bigkoo/Android-PickerView
41,12798,1742,4.0,1.0,1.0,,material-components/material-components-android
6,12646,5,1.0,1.0,1.0,,Curzibn/Luban
139,12594,10,4.5,1.0,1.0,,medcl/elasticsearch-analysis-ik
14,12458,9,4.0,2.0,3.0,,iBotPeaches/Apktool
8,12421,10,4.0,1.0,1.0,,greenrobot/greenDAO
0,12377,9,6.0,1.0,1.0,,prestodb/presto
55,12379,7,2.0,1.0,0.0,,Konloch/bytecode-viewer
128,11405,4,2.0,1.0,0.0,,Anuken/Mindustry
0,12333,10,4.0,1.0,1.0,,eclipse-vertx/vert.x
13,12349,6,3.0,1.0,0.0,,facebook/stetho
49,12224,4,2.0,2.0,0.0,,android-hacker/VirtualXposed
0,12169,8,7.0,2.0,4.0,,eclipse/deeplearning4j
179,12136,9,2.0,1.0,0.0,,mockito/mockito
43,12106,2,2.0,1.0,6.0,,justauth/JustAuth
18,12120,7,2.0,1.0,0.0,,daimajia/AndroidSwipeLayout
15,12076,4,5.0,1.0,0.0,,zhihu/Matisse
33,12033,11,2.0,1.0,0.0,,arduino/Arduino
0,11914,7,5.0,1.0,0.0,,apache/hadoop
9,11915,7,2.0,2.0,0.0,,daimajia/AndroidViewAnimations
0,11783,3,4,1,0,,YunaiV/SpringBoot-Labs
14,11813,3,4,1,0,,JessYanCoding/AndroidAutoSize
21,11641,5,4.0,1.0,0.0,,baomidou/mybatis-plus
47,11655,7,4,1,0,,pinpoint-apm/pinpoint
82,11547,5,2.0,1.0,8.0,,Tencent/APIJSON
0,11482,5,5.0,2.0,1.0,,youth5201314/banner
10,11386,4,2.0,1.0,0.0,,Tencent/VasSonic
5,11261,8,4.0,1.0,1.0,,Netflix/zuul
0,11187,9,3.0,1.0,0.0,,realm/realm-java
0,11179,9,3.0,1.0,0.0,,jfeinstein10/SlidingMenu
0,11158,9,4.0,1.0,1.0,,androidannotations/androidannotations
46,11115,9,6.0,1.0,0.0,,apache/druid
129,11106,3,5,1,"0,25",,GoogleContainerTools/jib
0,10842,3,2.0,1.0,0.0,,openjdk/jdk
13,10869,5,3,1,0,,Yalantis/uCrop
0,10783,4,2.0,1.0,3.0,,williamfiset/Algorithms
2,10804,6,5.0,1.0,0.0,,sqshq/piggymetrics
34,10803,4,3.0,1.0,0.0,,alibaba/vlayout
97,10772,4,3.0,1.0,1.0,,LuckSiege/PictureSelector
0,10715,2,3.0,1.0,0.0,,zhisheng17/flink-learning
40,10753,6,0.0,1.0,3.0,,permissions-dispatcher/PermissionsDispatcher
141,10694,9,4.0,1.0,0.0,,Netflix/eureka
3,10648,10,4.0,1.0,3.0,,android-async-http/android-async-http
8,10607,7,6.0,1.0,0.0,,pagehelper/Mybatis-PageHelper
22,10585,11,2.0,2.0,0.0,,antlr/antlr4
3,10517,12,2.0,1.0,0.0,,projectlombok/lombok
0,10432,4,4.0,1.0,1.0,,hyb1996/Auto.js
14,10406,7,3.0,1.0,0.0,,google/guice
55,10376,7,3.0,1.0,0.0,,ben-manes/caffeine
0,10348,2,5.0,1.0,0.0,,heibaiying/BigData-Notes
78,10384,5,6.0,2.0,4.0,,lipangit/JiaoZiVideoPlayer
4,10382,6,3.0,1.0,1.0,,H07000223/FlycoTabLayout
14,10370,5,5.0,1.0,0.0,,jeasonlzy/okhttp-OkGo
18,10342,6,3.0,1.0,1.0,,java-decompiler/jd-gui
0,10319,5,2.0,1.0,0.0,,seaswalker/spring-analysis
65,10288,6,2.0,1.0,1.0,,lingochamp/FileDownloader
11,10227,6,2.0,1.0,0.0,,tbruyelle/RxPermissions
0,10227,10,5.5,3.0,0.0,,JakeWharton/ViewPagerIndicator
59,10173,7,6.0,1.0,0.0,,codecentric/spring-boot-admin
25,10105,5,5.0,1.0,3.0,,JessYanCoding/MVPArms
0,10022,3,,,,,frank-lam/fullstack-tutorial
49,10023,11,2.0,1.0,0.0,,redis/jedis
20,10008,8,4.0,1.0,1.0,,code4craft/webmagic
11,9910,8,4.0,1.0,1.0,,keycloak/keycloak
0,9925,7,2.0,1.0,1.0,,mission-peace/interview
0,9835,4,5.0,2.0,3.0,,gyf-dev/ImmersionBar
0,9809,12,3.0,1.0,0.0,,apache/zookeeper
30,9703,5,3.0,1.0,0.0,,YoKeyword/Fragmentation
0,9695,13,4.0,1.0,1.0,,aosp-mirror/platform_frameworks_base
0,9668,5,2.0,1.0,0.0,,daniulive/SmarterStreaming
8,9674,7,2.0,1.0,0.0,,liaohuqiu/android-Ultra-Pull-To-Refresh
42,9586,3,5.0,1.0,0.0,,OpenAPITools/openapi-generator
0,9622,7,3.0,2.0,0.0,,ksoichiro/Android-ObservableScrollView
0,9555,3,3.0,1.0,0.0,,alibaba/DataX
3,9551,4,0.0,1.0,0.0,,janishar/mit-deep-learning-book-pdf
50,9533,5,4.0,1.0,0.0,,apache/pulsar
1,9546,6,2.0,1.0,0.0,,HarlonWang/AVLoadingIndicatorView
0,9498,2,3.0,1.0,3.0,,macrozheng/mall-learning
1,9471,10,5.0,1.0,0.0,,pockethub/PocketHub
0,9444,6,5.0,2.0,0.0,,wasabeef/glide-transformations
51,9378,8,3.0,1.0,1.0,,google/auto
142,9359,6,2.0,1.0,0.0,,react-native-camera/react-native-camera
8,9323,8,2.0,1.0,0.0,,umano/AndroidSlidingUpPanel
72,9278,9,4.0,1.0,1.0,,neo4j/neo4j
12,9234,6,8.0,1.0,6.0,,googlesamples/easypermissions
44,9182,5,4.0,1.0,0.0,,thingsboard/thingsboard
0,9153,10,3.0,1.0,0.0,,perwendel/spark
0,9115,8,2.0,1.0,0.0,,square/javapoet
3,9119,7,3.0,1.0,0.0,,navasmdc/MaterialDesignLibrary
0,9078,3,4.0,1.0,0.0,,paascloud/paascloud-master
0,9076,11,0.0,1.0,0.0,,clojure/clojure
5,9059,8,3,1,0,,bilibili/DanmakuFlameMaster
96,9025,7,3,1,0,,grpc/grpc-java
7,9041,7,3,1,"0,25",,MyCATApache/Mycat-Server
4,8994,12,3,1,0,,jhy/jsoup
0,8983,6,2,1,0,,careercup/CtCI-6th-Edition
0,8941,10,3,1,0,,nathanmarz/storm
88,8874,6,4.0,1.0,0.0,,termux/termux-app
191,8907,10,8.0,1.0,0.0,,apereo/cas
4,8904,6,4,1,0,,pxb1988/dex2jar
55,8918,8,4,1,0,,koral--/android-gif-drawable
0,8876,0,,,,,chefyuan/algorithm-base
12,8854,1904,4.0,1.0,3.0,,hackware1993/MagicIndicator
4,8827,1542,4.0,1.0,0.0,,lihengming/spring-boot-api-project-seed
0,8812,3575,4.5,2.0,1.0,,chrisbanes/Android-PullToRefresh
227,8795,2293,3.0,1.0,1.0,,zaproxy/zaproxy
0,8693,2036,3.0,1.0,0.0,,laobie/StatusBarUtil
0,8667,2118,1.0,1.0,0.0,,DuGuQiuBai/Java
0,8633,2390,1.5,1.0,0.5,,lzyzsd/JsBridge
4,8624,2823,5.0,1.0,3.0,,chrisjenx/Calligraphy
4,8523,1536,3.0,1.0,1.0,,didi/VirtualAPK
137,8471,1164,3.0,1.0,0.0,,quarkusio/quarkus
4,8452,2006,2.0,1.0,0.0,,roughike/BottomBar
0,8430,2353,2.0,1.0,3.0,,Freelander/Android_Data
13,8395,4253,2,1,0,,TooTallNate/Java-WebSocket
0,8360,2078,1,1,0,,GcsSloop/AndroidNote
27,8343,3254,5,1,0,,OpenRefine/OpenRefine
16,8231,1584,3,1,0,,Justson/AgentWeb
11,8226,2333,3,1,0,,florent37/MaterialViewPager
0,8203,1609,2,1,0,,Blankj/awesome-java-leetcode
0,8196,2528,7,1,0,,android/testing-samples
13,8190,4625,3,1,0,,junit-team/junit4
4,8140,2999,4,1,0,,stanfordnlp/CoreNLP
0,8072,3265,2,2,0,,cats-oss/android-gpuimage
56,8038,3070,4,1,0,,facebook/buck
0,8031,1894,2,2,0,,asLody/VirtualApp
109,8029,3889,5,1,0,,dropwizard/dropwizard
27,8023,3286,5,1,0,,Activiti/Activiti
0,7997,2002,5,2,0,,ybq/Android-SpinKit
7,7993,1657,4,1,0,,alibaba/atlas
7,7940,1211,3,1,0,,crossoverJie/cim
0,7904,2212,2,1,0,,HannahMitt/HomeMirror
12,7891,1761,4,1,0,,amitshekhariitbhu/Android-Debug-Database
17,7884,2181,3,2,0,,ChrisRM/material-theme-jetbrains
0,7802,2,2,1,"0,33333334",,newbee-ltd/newbee-mall
0,7825,1526,0,1,0,,MindorksOpenSource/android-interview-questions
0,7825,1965,3,1,0,,firebase/quickstart-android
0,7804,4,4,1,0,,huanghaibin-dev/CalendarView
4,7792,9,4,1,0,,Netflix/SimianArmy
0,7739,7,3,1,0,,jwtk/jjwt
0,7720,8,3,1,0,,guolindev/LitePal
0,7696,8,7,1,0,,JakeWharton/hugo
22,7680,6,6,1,0,,trello/RxLifecycle
22,7655,5,4,1,0,,hs-web/hsweb-framework
4,7637,6,2,1,"0,52083335",,shwenzhang/AndResGuard
0,7568,7,3,1,0,,square/moshi
67,7500,5,4,2,0,,airbnb/epoxy
0,7489,7,3,1,0,,kaushikgopal/RxJava-Android-Samples
70,7419,11,4,1,0,,dropwizard/metrics
20,7383,8,3,1,0,,OpenFeign/feign
0,7365,4,1,1,"0,25",,aritraroy/UltimateAndroidReference
1,7299,2,3,1,0,,macrozheng/mall-swarm
16,7295,6,4,1,0,,google/agera
83,7271,6,"2,5",1,0,,react-native-image-picker/react-native-image-picker
0,7277,9,3,1,0,,square/dagger
46,7262,4,5,1,0,,facebook/litho
29,7237,2293,5,1,0,,resilience4j/resilience4j
5,7234,8,3,1,"0,59999996",,Bearded-Hen/Android-Bootstrap
9,7231,6,3,1,0,,cymcsg/UltimateRecyclerView
26,7211,6,4,1,0,,apache/shardingsphere-elasticjob
14,7210,7,3,1,0,,lecho/hellocharts-android
2,7205,2520,"1,5",1,0,,pedant/sweet-alert-dialog
0,7047,3,0,0,0,,doocs/jvm
32,7177,10,4,1,0,,JakeWharton/ActionBarSherlock
15,7157,2231,2,1,"0,35714287",,crazycodeboy/TakePhoto
9,7141,3,2,1,0,,vipshop/vjtools
20,7109,6,3,1,0,,geeeeeeeeek/WeChatLuckyMoney
4,7101,1,5,1,0,,google/tsunami-security-scanner
0,7092,9,2,1,0,,koush/AndroidAsync
0,7060,8,5,1,"0,5",,leolin310148/ShortcutBadger
160,7034,1188,4,1,0,,gedoor/MyBookshelf
0,6969,2,0,0,0,,doocs/source-code-hunter
0,6993,8,4,1,"0,21428572",,signalapp/Signal-Server
21,6998,2939,"3,5",1,0,,davemorrissey/subsampling-scale-image-view
16,6865,3,2,1,0,,doocs/leetcode
0,6949,2402,4,1,0,,ogaclejapan/SmartTabLayout
17,6855,6,2,1,0,,google/android-classyshark
0,6858,6,"2,5",1,0,,hongyangAndroid/okhttputils
17,6850,4,3,1,0,,Qihoo360/RePlugin
0,6832,12,5,1,0,,apache/cassandra
66,6829,10,3,1,0,,swagger-api/swagger-core
10,6785,2956,2,1,0,,alibaba/otter
0,6768,5,4,1,0,,dyc87112/SpringCloud-Learning
0,6708,4,5,1,0,,zhoutaoo/SpringCloud
0,6734,5,1,1,0,,barteksc/AndroidPdfViewer
0,6731,6,4,1,"0,375",,kevin-wayne/algs4
0,6718,10,3,2,0,,java-native-access/jna
0,6716,6,5,2,0,,hongyangAndroid/AndroidAutoLayout
3,6637,4,2,1,0,,goldze/MVVMHabit
2,6626,6,2,3,0,,DroidPluginTeam/DroidPlugin
0,6587,2,3,1,0,,KunMinX/Jetpack-MVVM-Best-Practice
5,6608,6,3,1,0,,naman14/Timber
2,6588,7,4,1,0,,abel533/Mapper
97,6582,2678,4,1,0,,seven332/EhViewer
0,6545,1827,3,1,0,,yanzhenjie/AndPermission
165,6494,2576,5,1,"0,33333334",,NLPchina/elasticsearch-sql
4,6470,1440,3,1,0,,uber/RIBs
0,6407,1507,3,1,"0,6363637",,Exrick/xmall
17,6398,926,4,1,0,,apache/dolphinscheduler
19,6385,1601,5,2,"0,16666667",,Angel-ML/angel
0,6342,2550,3,1,0,,zendesk/android-floating-action-button
0,6303,610,1,1,0,,yuanguangxin/LeetCode
0,6282,3035,3,1,0,,koush/ion
0,6274,2868,3,1,0,,apache/storm
19,6247,3124,9,2,0,,vinc3m1/RoundedImageView
7,6247,3884,"3,5",1,0,,json-path/JsonPath
68,6231,2830,5,1,0,,gocd/gocd
19,6226,1698,3,1,0,,GrenderG/Toasty
0,6214,1356,4,1,0,,lenve/VBlog
74,6211,3533,5.0,1.0,0.0,,spring-projects/spring-security
107,6211,2934,1.0,1.0,0.0,,checkstyle/checkstyle
48,6208,963,4.0,1.0,1.0,,wildfirechat/server
1,6194,1706,2.0,1.0,0.5,,Meituan-Dianping/walle
112,6181,3873,3.0,1.0,0.0,,k9mail/k-9
63,6173,1394,3.0,1.0,3.0,,ionic-team/capacitor
0,6169,2065,3.0,1.0,0.0,,markzhai/AndroidPerformanceMonitor
0,6144,2706,5.0,1.0,1.0,,google/closure-compiler
0,6124,2940,3.0,1.0,3.0,,ikew0ng/SwipeBackLayout
19,6106,2509,2.0,1.0,0.0,,rengwuxian/MaterialEditText
109,6101,3194,5.0,1.0,1.0,,flyway/flyway
34,6087,2099,4.0,1.0,0.0,,zo0r/react-native-push-notification
11,6070,3903,5.0,1.0,0.0,,SonarSource/sonarqube
37,6069,1656,4.0,1.0,1.0,,guardianproject/haven
10,6063,2469,3.0,1.0,1.0,,rey5137/material
0,6061,2627,3.0,1.0,1.0,,pedrovgs/EffectiveAndroidUI
20,6053,587,4.0,1.0,1.0,,dromara/Sa-Token
3,6052,3320,3.0,1.0,1.0,,NanoHttpd/nanohttpd
17,6038,2539,3.0,1.0,0.0,,google/physical-web
15,6026,3096,4.0,1.0,0.0,,TechEmpower/FrameworkBenchmarks
48,5989,3153,2.0,1.0,0.0,,processing/processing
3,5985,3294,4.0,1.0,0.0,,NLPchina/ansj_seg
0,5964,1866,2.0,1.0,0.0,,smuyyh/BookReader
0,5956,2720,2.0,1.0,0.0,,antoniolg/androidmvp
0,5949,2723,3.0,1.0,0.0,,singwhatiwanna/dynamic-load-apk
16,5946,1953,5.0,1.0,3.0,,zouzg/mybatis-generator-gui
3,5937,2691,0.5,1.0,0.0,,daimajia/NumberProgressBar
155,5923,1010,3.0,1.0,0.0,,li-xiaojun/XPopup
0,5916,1998,3.0,1.0,0.0,,aa112901/remusic
9,5904,2146,3.0,1.0,2.0,,wyouflf/xUtils3
32,5883,2432,4.0,1.0,0.0,,ArthurHub/Android-Image-Cropper
5,5843,2357,3.0,1.0,1.0,,react-native-video/react-native-video
28,5839,4136,6.0,1.0,1.0,,Graylog2/graylog2-server
10,5835,1370,4.0,1.0,1.0,,kekingcn/kkFileView
39,5825,2782,2.0,1.0,1.0,,google/j2objc
0,5821,3842,4.0,1.0,1.0,,AsyncHttpClient/async-http-client
3,5806,3489,2.0,1.0,1.0,,springside/springside4
111,5772,2779,7,1,"0,25",,cryptomator/cryptomator
0,5758,1598,4,1,0,,ityouknow/spring-cloud-examples
0,5735,2859,4,1,0,,JakeWharton/u2020
0,5731,2003,4,1,0,,Nightonke/BoomMenu
16,5724,1971,4,1,0,,weibocom/motan
22,5720,2407,4,1,0,,prolificinteractive/material-calendarview
2,5696,5,3,2,0,,Devlight/InfiniteCycleViewPager
15,5683,7,4,1,0,,google/error-prone
76,5668,7,4,1,"0,32738092500000004",,real-logic/aeron
5,5643,7,2,1,0,,daimajia/AndroidImageSlider
14,5642,8,5,2,0,,nhaarman/ListViewAnimations
5,5636,5,2,1,0,,sohutv/cachecloud
2,5616,2,3,1,0,,Tencent/Shadow
0,5619,9,"2,5",1,"0,5863095199999999",,JakeWharton/DiskLruCache
75,5610,5,4,2,0,,react-native-svg/react-native-svg
0,5609,6,2,1,0,,wasabeef/richeditor-android
0,5600,6,4,1,0,,sshahine/JFoenix
0,5568,10,3,1,"0,16666667",,apache/tomcat
0,5571,4,5,1,"0,25",,ximsfei/Android-skin-support
0,5562,3,"4,5",1,0,,febsteam/FEBS-Shiro
13,5561,9,5,1,0,,amlcurran/ShowcaseView
58,5546,8,5,1,"0,083333336",,joelittlejohn/jsonschema2pojo
9,5548,6,3,1,0,,lets-blade/blade
95,5476,1,3,1,0,,metersphere/metersphere
0,5524,6,3,1,0,,hongyangAndroid/FlowLayout
0,5506,11,4,2,"0,55",,apache/jmeter
0,5517,7,2,1,0,,dmytrodanylyk/circular-progress-button
3,5478,3,3,1,0,,alibaba/COLA
16,5515,9,3,1,0,,emilsjolander/StickyListHeaders
0,5498,11,5,1,0,,rabbitmq/rabbitmq-tutorials
2,5501,4,2,1,0,,yarolegovich/DiscreteScrollView
63,5495,4,6,1,0,,k0shk0sh/FastHub
0,5494,11,5,1,0,,rest-assured/rest-assured
0,5494,5,2,1,0,,liyifeng1994/ssm
12,5473,7,3,1,0,,knightliao/disconf
22,5473,5,3,1,0,,alibaba/freeline
10,5472,8,2,1,0,,facebookarchive/rebound
42,5469,5,"2,5",1,0,,jpush/aurora-imui
15,5457,6,3,1,0,,sockeqwe/mosby
3,5444,9,3,1,0,,mrniko/netty-socketio
6,5409,7,2,1,0,,dm77/barcodescanner
3,5402,8,7,2,"0,33333334",,jgilfelt/SystemBarTint
0,5388,6,3,1,0,,apache/zeppelin
37,5383,8,3,1,0,,evant/gradle-retrolambda
0,5375,10,3,1,0,,lightbend/config
31,5376,6,4,1,0,,evernote/android-job
3,5342,4,3,1,0,,wxiaoqi/Spring-Cloud-Platform
0,5303,5,4,1,"0,11111111",,debezium/debezium
0,5317,8,4,1,0,,languagetool-org/languagetool
22,5336,7,5,1,0,,haifengl/smile
7,5324,7,4,1,0,,bytedeco/javacv
12,5323,9,3,1,0,,springfox/springfox
75,5314,11,4,1,0,,robolectric/robolectric
1,5308,8,5,2,"0,5833333",,google/grafika
8,5292,5,2,1,0,,amitshekhariitbhu/Fast-Android-Networking
0,5272,8,4,1,"0,33333334",,lucasr/twoway-view
0,5262,6,2,1,0,,XRecyclerView/XRecyclerView
0,5256,6,2,1,0,,hanks-zyh/HTextView
0,5248,4,"0,5",1,"0,125",,MindorksOpenSource/from-java-to-kotlin
0,5233,9,3,1,0,,yixia/VitamioBundle
36,5226,9,3.5,1.0,0.0,,commonsguy/cw-omnibus
51,5205,6,5,1,0,,testcontainers/testcontainers-java
48,5217,9,5,1,"0,33333334",,Alluxio/alluxio
1,5196,8,2,1,0,,pentaho/pentaho-kettle
0,5203,3,0,1,0,,h2pl/Java-Tutorial
3,5180,3,4,1,0,,apache/incubator-shenyu
7,5206,11,3,1,0,,scribejava/scribejava
0,5207,9,1,1,0,,square/otto
1,5196,6,3,1,0,,changmingxie/tcc-transaction
14,5189,6,2,1,0,,Clans/FloatingActionButton
13,5178,3,6,1,0,,apache/dubbo-spring-boot-project
38,5165,6,6,1,0,,graphql-java/graphql-java
39,5166,6,2,1,0,,gzu-liyujiang/AndroidPicker
2,5167,6,2,1,0,,Yalantis/Side-Menu.Android
43,5147,4,4,1,0,,intuit/karate
0,5137,9,4,1,0,,thinkaurelius/titan
1,5138,6,4,2,0,,h6ah4i/android-advancedrecyclerview
0,5138,6,3,1,0,,motianhuo/wechat
0,5132,5,4,1,0,,527515025/springBoot
0,5121,5,3,1,0,,yanzhenjie/SwipeRecyclerView
0,5103,5,3,1,0,,wuhaoyu1990/MagicCamera
0,5096,7,"7,5",2,0,,xxv/android-lifecycle
17,5096,5,2,1,0,,CameraKit/camerakit-android
1,5090,9,4,1,0,,JesusFreke/smali
23,5069,5,2,1,0,,KeepSafe/TapTargetView
0,5059,8,5,1,0,,spring-projects/spring-petclinic
0,5058,5,2,1,0,,Vedenin/useful-java-links
1,5044,7,2,1,0,,frogermcs/InstaMaterial
33,5031,6,3,1,0,,Karumi/Dexter
96,5020,3,4,1,0,,micronaut-projects/micronaut-core
10,5023,4,2,1,0,,alibaba/UltraViewPager
0,5001,6,"3,5",1,0,,wasabeef/Blurry
1,4979,4,0,1,0,,twowaits/SDE-Interview-Questions
25,4995,6,2,1,0,,wequick/Small
1,4991,9,3,1,"0,3875",,Trinea/android-common
0,4983,8,2,1,0,,careercup/ctci
14,4973,5,6,1,0,,apache/beam
0,4932,2,4,1,0,,YunaiV/onemall
0,4964,7,2,1,0,,traex/RippleEffect
25,4946,6,3,1,0,,TommyLemon/Android-ZBLibrary
11,4944,5,"2,5",1,0,,crazycodeboy/react-native-splash-screen
0,4944,10,5,1,0,,spring-projects/spring-mvc-showcase
0,4940,5,2,1,0,,amitshekhariitbhu/RxJava2-Android-Samples
9,4927,7,3,1,0,,orhanobut/dialogplus
0,4900,9,5,1,0,,MinecraftForge/MinecraftForge
13,4891,5,2,1,0,,Devlight/NavigationTabBar
6,4882,9,4,1,"0,4",,journeyapps/zxing-android-embedded
0,4856,3,"1,5",1,0,,Meituan-Dianping/Leaf
0,4875,5,3,1,0,,yipianfengye/android-zxingLibrary
0,4845,5,2,1,0,,Ramotion/folding-cell-android
23,4839,7,5,1,0,,andkulikov/Transitions-Everywhere
0,4836,7,5,1,0,,claritylab/lucida
0,4808,2,1,1,0,,ZXZxin/ZXBlog
7,4790,8,3,"1,5","0,05",,etsy/AndroidStaggeredGrid
14,4784,5,"4,5","1,5",0,,rubensousa/GravitySnapHelper
9,4770,8,5,2,0,,mybatis/generator
51,4758,6,3,1,0,,junit-team/junit5
3,4755,8,1,1,0,,socketio/socket.io-client-java
20,4746,6,3,1,0,,danikula/AndroidVideoCache
27,4737,7,4,1,0,,btraceio/btrace
0,4697,2,1,1,0,,gyoogle/tech-interview-for-developer
0,4738,7,3,1,0,,saiwu-bigkoo/Android-ConvenientBanner
0,4731,5,3,1,0,,google/cameraview
16,4722,11,5,1,0,,hibernate/hibernate-orm
1,4724,6,2,1,0,,mcxiaoke/packer-ng-plugin
0,4725,9,3,1,0,,pardom-zz/ActiveAndroid
27,4724,8,4,1,0,,gabrielemariotti/cardslib
5,4692,6,9,2,"0,125",,facebook/shimmer-android
0,4696,3,3,2,0,,DingMouRen/LayoutManagerGroup
32,4684,10,6,2,"0,5833333",,JodaOrg/joda-time
1,4656,5,3,1,0,,ffay/lanproxy
9,4652,6,2,1,0,,square/sqlbrite
26,4621,5,4,1,0,,AriaLyy/Aria
0,4632,6,3,1,0,,hongyangAndroid/baseAdapter
0,4614,7,2,1,0,,google/google-authenticator
54,4611,6,5,1,0,,wdullaer/MaterialDateTimePicker
36,4560,7,5,1,0,,questdb/questdb
2,4595,5,3,1,0,,quartz-scheduler/quartz
21,4589,11,6,2,0,,go-lang-plugin-org/go-lang-idea-plugin
4,4579,10,4,1,0,,tomakehurst/wiremock
0,4584,5,2,1,0,,danielzeller/Depth-LIB-Android-
0,4576,6,2,1,0,,chentao0707/SimplifyReader
10,4560,5,4,1,0,,SplashCodes/JAViewer
0,4538,10,8,1,0,,jOOQ/jOOQ
1,4519,5,5,1,0,,PaperMC/Paper
44,4535,4,2,1,0,,huangyanbin/smartTable
23,4536,5,3,1,0,,youlookwhat/CloudReader
12,4526,4,2,1,0,,alibaba/jvm-sandbox
52,4506,9,5,1,0,,hazelcast/hazelcast
0,4528,10,2,1,0,,JakeWharton/NineOldAndroids
108,4505,3,4,1,0,,Nepxion/Discovery
10,4514,6,3,1,0,,Flipboard/bottomsheet
6,4506,7,1,1,0,,jdamcd/android-crop
230,4498,8,4,1,0,,raphw/byte-buddy
15,4497,5,3,1,0,,razerdp/BasePopup
0,4503,7,2,1,0,,kyleduo/SwitchButton
26,4494,11,4,1,0,,OpenTSDB/opentsdb
62,4438,3,4,1,0,,theonedev/onedev
11,4495,5,4,1,0,,zhanghai/Douya
17,4481,7,5,1,0,,vavr-io/vavr
8,4471,5,5,1,"0,11111111",,confluentinc/ksql
14,4487,5,4,1,0,,romandanylyk/PageIndicatorView
0,4462,6,3,1,0,,frohoff/ysoserial
5,4466,4,4,1,0,,jgilfelt/chuck
0,4465,5,1,1,"0,25",,nisrulz/android-tips-tricks
0,4438,11,5,1,0,,plantuml/plantuml
0,4454,10,4,1,0,,spring-projects/spring-security-oauth
38,4445,6,2,1,0,,pili-engineering/PLDroidPlayer
12,4438,10,3,1,0,,gephi/gephi
2,4440,7,6,1,0,,spring-cloud/spring-cloud-netflix
0,4443,8,4,1,0,,square/android-times-square
9,4430,3,3,1,0,,techGay/v9porn
1,4415,5,3,1,"0,5714286",,HotBitmapGG/bilibili-android-client
0,4392,4,3,1,0,,hustcc/JS-Sorting-Algorithm
0,4397,6,2,1,"0,25",,alibaba/dexposed
18,4368,5,6,1,0,,flowable/flowable-engine
9,4390,8,3,1,0,,castorflex/SmoothProgressBar
29,4381,7,4,1,"0,2857143",,auth0/java-jwt
8,4366,4,4,1,0,,lingochamp/okdownload
0,4371,9,2,1,0,,jankotek/mapdb
0,4362,8,3,1,0,,mcxiaoke/android-volley
45,4351,3,4,1,0,,sofastack/sofa-boot
168,4345,9,6,1,0,,orientechnologies/orientdb
0,4342,4,3,1,0,,MindorksOpenSource/android-mvp-architecture
43,4305,8,4,1,0,,alibaba/transmittable-thread-local
0,4305,1,3,1,0,,981011512/--
0,4293,4,1,1,"0,64285713",,baidu/uid-generator
18,4308,8,2,1,0,,puniverse/quasar
27,4289,2,4,1,"0,22222222",,ElderDrivers/EdXposed
20,4252,9,2,1,0,,mapstruct/mapstruct
63,4287,6,7,1,"0,282857165",,firebase/FirebaseUI-Android
16,4279,5,"5,5",1,"0,33333334",,Ashok-Varma/BottomNavigation
0,4276,7,4,1,0,,aporter/coursera-android
0,4266,6,3.0,1.0,1.0,,apache/groovy
29,4257,4,6,1,0,,LawnchairLauncher/lawnchair
6,4234,2,2,1,0,,alipay/SoloPi
8,4257,5,2,1,0,,Jasonchenlijian/FastBle
4,4242,6,3,1,0,,bingoogolapple/BGARefreshLayout-Android
3,4225,5,2,1,0,,Tencent/GT
5,4214,5,3,1,0,,jeasonlzy/ImagePicker
11,4186,7,5,1,0,,apache/hbase
17,4189,8,1,1,0,,deathmarine/Luyten
0,4187,1851,5.0,1.0,1.0,,awsdocs/aws-doc-sdk-examples
0,4163,7,2,1,0,,spring-projects/spring-data-examples
0,4176,5,3,1,"0,375",,roncoo/roncoo-pay
19,4158,5,4,1,0,,JanusGraph/janusgraph
0,4162,2753,3.0,1.0,0.0,,reactive-streams/reactive-streams-jvm
3,4160,10,4,1,"0,4",,yasserg/crawler4j
1,4151,3863,4.0,1.0,1.5,,grantland/android-autofittextview
15,4151,2724,1.0,1.0,0.0,,cglib/cglib
93,4148,2682,4,1,0,,lettuce-io/lettuce-core
24,4147,2699,4.0,2.0,0.0,,microg/GmsCore
9,4144,1885,4.0,1.0,0.0,,robinhood/ticker
0,4142,787,3.0,1.0,0.0,,2227324689/gpmall
8,4131,2156,2,1,0,,pedrovgs/AndroidWiFiADB
0,4115,1689,3,1,0,,hugeterry/CoordinatorTabLayout
13,4112,2316,3,1,0,,google/google-java-format
14,4107,6,3,1,0,,Jacksgong/JKeyboardPanelSwitch
950,4102,3157,5,1,0,,ankidroid/Anki-Android
0,4087,929,1,1,0,,javagrowing/JGrowing
0,4079,2,3,1,0,,hansonwang99/Spring-Boot-In-Action
2,4068,1895,2,1,0,,ChadCSong/ShineButton
13,4067,1643,2,1,0,,Meituan-Dianping/Robust
13,4064,1908,7,2,0,,baoyachi/StepView
0,4063,736,4,1,0,,macrozheng/springcloud-learning
0,4059,967,6,1,"0,16666667",,trinodb/trino
0,4059,2834,7,1,0,,youtube/api-samples
48,4057,8,3,1,0,,CellularPrivacy/Android-IMSI-Catcher-Detector
1,4057,2854,3,1,0,,bitcoinj/bitcoinj
17,4054,2285,6,1,0,,airbnb/DeepLinkDispatch
41,4047,8,2,1,0,,Netflix/ribbon
1,4048,2435,"2,5",1,0,,Yalantis/Phoenix
0,4039,1849,6,2,"0,42857143",,rubensousa/ViewPagerCards
0,4035,2514,3,2,0,,bingoogolapple/BGABanner-Android
0,4032,2609,3,2,0,,makovkastar/FloatingActionButton
38,4033,4,3,1,0,,alibaba/Tangram-Android
14,4029,1401,4,1,0,,codingapi/tx-lcn
41,4022,1517,3,1,0,,natario1/CameraView
0,4001,1975,4,1,0,,dinuscxj/LoadingDrawable
0,3995,2924,"1,5",1,0,,cjlin1/libsvm
0,3989,1370,5,1,"0,5",,Exrick/xpay
0,3981,2127,3,1,"0,2",,zhanglei-workspace/shopping-management-system
15,3980,1055,4,1,0,,getActivity/AndroidProject
3,3972,1998,3,1,0,,rengwuxian/RxJavaSamples
76,3968,412,6,1,"0,25",,airbytehq/airbyte
0,3968,2397,4,1,0,,apache/ignite
11,3968,2782,2,1,0,,BoltsFramework/Bolts-Android
7,3966,2601,5,2,0,,ongakuer/CircleIndicator
31,3961,1524,4,1,0,,ThirtyDegreesRay/OpenHub
5,3960,1677,2,1,0,,qstumn/BadgeView
0,3945,3,8,1,0,,zuihou/lamp-cloud
22,3955,2931,5,1,0,,alibaba/jstorm
0,3948,1019,3,1,0,,CodingDocs/springboot-guide
0,3924,3014,3,1,"0,25",,JoanZapata/android-iconify
13,3910,3918,1,1,0,,stleary/JSON-java
0,3903,2020,2,1,0,,lcodecorex/TwinklingRefreshLayout
99,3896,2788,3,1,0,,iNPUTmice/Conversations
0,3894,4497,4,1,0,,apache/hive
0,3888,1625,3,1,0,,ZHENFENG13/spring-boot-projects
0,3884,4497,5.0,1.0,0.0,,apache/camel
9,3879,1398,2,1,0,,yhaolpz/FloatWindow
24,3869,4,3.5,1.0,1.0,,objectbox/objectbox-java
14,3872,2005,2.0,1.0,0.0,,aurelhubert/ahbottomnavigation
0,3866,3859,4.0,1.0,1.0,,kiegroup/drools
0,3860,2652,3.0,1.0,4.0,,xcltapestry/XCL-Charts
4,3856,2675,4.0,1.0,0.0,,Manabu-GT/ExpandableTextView
0,3855,480,2.0,1.0,0.0,,fuzhengwei/itstack-demo-design
0,3855,2853,3.0,1.0,0.0,,phishman3579/java-algorithms-implementation
29,3829,3605,6.0,1.0,1.0,,javaparser/javaparser
0,3815,8,1.0,1.0,0.0,,ronmamo/reflections
0,3823,1643,3.0,1.0,0.0,,apache/rocketmq-externals
0,3822,3318,3.0,1.0,0.0,,roboguice/roboguice
0,3811,1389,4.0,1.0,0.0,,luckybilly/CC
22,3808,2397,2.0,1.0,1.0,,orhanobut/hawk
48,3807,3251,4.0,1.0,1.0,,azkaban/azkaban
55,3800,4164,3.0,1.0,0.0,,brianfrankcooper/YCSB
19,3797,2006,3.0,1.0,0.0,,bluelinelabs/Conductor
37,3796,755,5,1,0,,zhaojun1998/zfile
0,3794,1771,3.0,1.0,0.5,,Piasy/BigImageViewer
9,3792,2796,7.0,1.0,0.0,,CalebFenton/simplify
0,3778,2,3,1,0,,bjmashibing/InternetArchitect
0,3784,3251,5,1,0,,dreamhead/moco
0,3783,2042,1,1,0,,brianway/java-learning
6,3779,2190,2,1,0,,MiguelCatalan/MaterialSearchView
5,3767,10,4,1,0,,chewiebug/GCViewer
39,3760,9,5,1,0,,AntennaPod/AntennaPod
0,3769,1395,6,1,0,,Heeexy/SpringBoot-Shiro-Vue
0,3768,2442,4,1,0,,Freeyourgadget/Gadgetbridge
0,3766,3217,3,1,0,,oldmanpushcart/greys-anatomy
101,3758,2133,5.0,1.0,3.0,,reactor/reactor-core
0,3753,2241,2,1,0,,coobird/thumbnailator
5,3746,226,6,1,0,,opensearch-project/OpenSearch
1,3736,1793,2.5,1.0,0.0,,JZ-Darkal/AndroidHttpCapture
0,3720,3932,3,1,0,,rstudio/rstudio
0,3719,2237,3,1,0,,yanzhenjie/NoHttp
21,3710,1944,5,2,"0,25",,microsoft/malmo
0,3706,2536,2,1,0,,timehop/sticky-headers-recyclerview
0,3703,1445,4,1,0,,dromara/hmily
11,3687,4,2,1,0,,Genymobile/gnirehtet
0,3689,2245,2,1,0,,zzhoujay/RichText
0,3680,2645,2,1,0,,databricks/learning-spark
0,3672,7,6,2,0,,lzyzsd/CircleProgress
113,3670,2741,4.0,1.0,1.0,,bisq-network/bisq
0,3641,2,2,1,0,,android/views-widgets-samples
0,3663,1812,4.0,1.0,0.0,,hussien89aa/AndroidTutorialForBeginners
30,3659,1615,3.0,1.0,0.5,,Doikki/DKVideoPlayer
0,3636,6,4,1,0,,citerus/dddsample-core
0,3633,8,2,1,0,,yangfuhai/ASimpleCache
0,3626,8,3,1,"0,5",,eirslett/frontend-maven-plugin
22,3634,4,3,1,0,,amirzaidi/Launcher3
13,3626,4,3,1,0,,pqpo/SmartCropper
0,3616,5,4,1,0,,vespa-engine/vespa
2,3621,7,4,1,0,,rockerhieu/emojicon
16,3615,7,2,1,0,,powermock/powermock
0,3618,5,3,1,0,,ryanhoo/StylishMusicPlayer
37,3611,6,3,1,0,,react-native-webrtc/react-native-webrtc
3,3607,4,3,1,0,,willowtreeapps/spruce-android
0,3608,7,2,1,"0,33333334",,litesuits/android-common
0,3602,11,6.0,1.0,1.0,,aws/aws-sdk-java
0,3598,5,5,1,0,,nytimes/Store
37,3592,9,5,2,0,,meefik/linuxdeploy
0,3593,8,3,1,0,,johncarl81/parceler
37,3587,9,3,1,0,,oblac/jodd
0,3586,12,3,1,0,,apache/shiro
7,3571,7,4,2,0,,bytedeco/javacpp
0,3577,5,2,1,0,,binIoter/GuideView
0,3570,5,4,1,0,,sunfusheng/MarqueeView
2,3562,6,3,1,0,,dongjunkun/DropDownMenu
55,3560,6,4,1,"0,1",,apache/incubator-heron
0,3559,6,2,"1,5","0,071428575",,tyrantgit/ExplosionField
0,3552,8,1,1,0,,luontola/retrolambda
10,3546,7,5,1,"0,25",,apache/pinot
56,3517,3,4,1,0,,cabaletta/baritone
0,3543,3,1,1,0,,mercyblitz/tech-weekly
10,3541,6,2,1,0,,lsjwzh/RecyclerViewPager
0,3524,7,2,1,0,,tuguangquan/mybatis
68,3529,9,3,2,0,,pmd/pmd
0,3533,11,4,1,0,,Atmosphere/atmosphere
27,3498,6,6,1,0,,linkedin/datahub
0,3530,8,0,1,NaN,,kikoso/android-stackblur
259,3516,5,6,1,"0,16666667",,Netflix/conductor
2,3528,7,2,1,0,,baoyongzhang/SwipeMenuListView
39,3508,5,2,1,0,,lygttpod/SuperTextView
0,3513,6,2,1,0,,arimorty/floatingsearchview
5,3488,7,3,1,0,,google/open-location-code
0,3493,5,2,1,0,,codeestX/GeekNews
2,3489,5,3,1,0,,xcc3641/SeeWeather
14,3479,8,3,1,0,,openhab/openhab1-addons
0,3472,6,4,1,0,,JakeWharton/ThreeTenABP
34,3459,10,3,1,0,,querydsl/querydsl
3,3462,5,5,1,"0,33333334",,CameraKit/blurkit-android
30,3454,6,4,1,0,,davideas/FlexibleAdapter
2,3454,5,"3,5",2,0,,andremion/Music-Player
1,3448,4,3,2,0,,stfalcon-studio/ChatKit
52,3448,7,4,1,0,,TeamAmaze/AmazeFileManager
3,3444,5,"7,5",2,"0,31666667",,bilibili/MagicaSakura
7,3442,8,3,1,0,,jitsi/jitsi
0,3448,6,3,1,"0,5",,dropbox/hackpad
0,3441,6,5,1,0,,failsafe-lib/failsafe
21,3432,6,4,1,0,,mybatis/spring-boot-starter
0,3438,2,3,1,0,,guolindev/giffun
8,3434,8,3,1,0,,avast/android-butterknife-zelezny
130,3415,6,2,1,0,,M66B/NetGuard
11,3416,7,3,1,0,,Ereza/CustomActivityOnCrash
0,3404,7,2,1,0,,code4craft/tiny-spring
39,3409,3,4,1,0,,sofastack/sofa-rpc
0,3408,7,3,1,0,,yigit/android-priority-jobqueue
9,3400,5,3,1,0,,mpusher/mpush
3,3398,4,5,1,0,,google/rejoiner
20,3396,2,4,1,0,,xuexiangjys/XUI
10,3379,5,2,1,0,,crossoverJie/SSM
6,3365,3,6,1,0,,Exrick/xboot
184,3366,8,3,1,"0,33333334",,oracle/opengrok
0,3372,6,2,1,"0,390873015",,linyiqun/DataMiningAlgorithm
0,3373,6,"3,5",1,0,,ivacf/archi
0,3345,5,3,1,0,,runelite/runelite
14,3345,9,7,4,"0,90909094",,LWJGL/lwjgl3
0,3354,9,2,1,0,,rovo89/XposedInstaller
0,3345,8,6,1,0,,mock-server/mockserver
3,3346,3,2,1,"0,33333334",,apache/dubbo-admin
3,3341,4,3,1,0,,WVector/AppUpdate
2,3337,5,2,1,0,,mcxtzhang/SwipeDelMenuLayout
4,3327,7,2,1,0,,alamkanak/Android-Week-View
33,3309,9,4,1,0,,graphhopper/graphhopper
0,3313,4,3,1,0,,ethanhua/Skeleton
97,3314,6,3,1,0,,actorapp/actor-platform
10,3301,8,4,1,0,,j-easy/easy-rules
19,3293,9,5,2,"0,4",,jeremylong/DependencyCheck
0,3307,6,"4,5",1,0,,abel533/MyBatis-Spring-Boot
90,3292,5,2,1,0,,web3j/web3j
0,3300,6,2,1,0,,shekhargulati/99-problems
22,3296,8,5,1,0,,googlemaps/android-maps-utils
0,3290,9,4,1,0,,knowm/XChange
0,3296,4,3,1,0,,stylefeng/Guns
0,2928,0,1,1,0,,kunal-kushwaha/DSA-Bootcamp-Java
26,3283,5,3,1,0,,lisawray/groupie
0,3284,4,2,1,0,,GitLqr/LQRWeChat
2,3279,6,1,1,0,,promeG/TinyPinyin
190,3270,6,5,1,0,,line/armeria
18,3272,8,1,1,0,,jboss-javassist/javassist
0,3264,8,4,1,0,,code4craft/netty-learning
4,3264,4,2,1,0,,iammert/ScalingLayout
0,3263,5,1,1,0,,sherxon/AlgoDS
0,3255,9,3,1,"0,33333334",,linkedin/databus
0,3253,4,3,1,0,,saysky/ForestBlog
8,3021,4,4,1,"0,16666667",,apache/incubator-doris
140,3254,5,2,1,0,,networknt/light-4j
7,3256,4,2,1,0,,rubensousa/PreviewSeekBar
4,3257,4,2,1,0,,luojilab/DDComponentForAndroid
0,3242,5,2,1,0,,liuyubobobo/Play-with-Algorithms
1,3229,7,1,1,0,,Fuzion24/JustTrustMe
5,3228,4,3,1,0,,tiann/epic
0,3244,6,0,1,0,,tangqi92/Android-Tips
0,3243,6,3,1,0,,bluelinelabs/LoganSquare
38,3235,3,3,1,0,,google/data-transfer-project
0,3230,10,2,1,0,,kevinsawicki/http-request
11,3158,0,3,1,0,,dataease/dataease
19,3221,5,3,1,0,,ittianyu/BottomNavigationViewEx
2,3216,3,4,1,0,,java-aodeng/hope-boot
0,3219,8,"4,5",2,0,,hmkcode/Android
0,3220,9,2,1,0,,bauerca/drag-sort-listview
3,3221,9,3,2,0,,ragunathjawahar/android-saripaar
1,3210,4,4,1,0,,bilibili/boxing
34,3181,9,4,2,0,,traccar/traccar
25,3189,10,4,1,0,,JSQLParser/JSqlParser
0,3200,8,5,2,0,,chrisbanes/ActionBar-PullToRefresh
31,3191,10,4,1,0,,eclipse/jetty.project
7,3195,5,3,1,0,,UnevenSoftware/LeafPic
23,3180,4,5,1,0,,Javen205/IJPay
19,3178,8,"5,5",1,"0,54166665",,mik3y/usb-serial-for-android
0,3188,9,2,1,0,,yangfuhai/afinal
4,3180,7,2,1,0,,daimajia/AndroidViewHover
31,3171,8,5,1,0,,crate/crate
1,3173,5,6,1,0,,uber/AutoDispose
0,3161,5,6,1,0,,spring-cloud/spring-cloud-gateway
4,3172,6,3,1,0,,pengjianbo/GalleryFinal
4,3170,7,1,1,0,,zzz40500/GsonFormat
62,3157,10,4,1,0,,MovingBlocks/Terasology
0,3150,6,4,1,"0,16666667",,apache/kylin
38,3140,4,3,1,0,,andOTP/andOTP
0,3118,3,0,0,0,,RedSpider1/concurrent
0,3148,6,5,2,0,,vert-x3/vertx-examples
2,3137,4,2,1,0,,wendux/DSBridge-Android
0,3140,1,4.0,1.0,0.0,,androidx/androidx
0,3143,9,3,1,0,,jfinal/jfinal
165,3129,6,3,1,"0,083333335",,huanghongxun/HMCL
0,3142,6,6,2,"0,222222225",,hitherejoe/animate
2,3138,6,"2,5",1,"0,21875",,facebookarchive/network-connection-class
0,3131,8,2,1,0,,fyhertz/libstreaming
76,3121,4,2,1,0,,remkop/picocli
0,3124,11,5,2,0,,eishay/jvm-serializers
0,3126,7,3,1,"0,16666667",,amulyakhare/TextDrawable
30,3123,4,2,1,0,,chenBingX/SuperTextView
0,3124,5,3,1,0,,airbnb/native-navigation
11,3102,5,"3,5",1,0,,BelooS/ChipsLayoutManager
0,3104,10,3,1,0,,nicolasgramlich/AndEngine
0,3096,6,2,1,0,,Skykai521/StickerCamera
1,3095,7,3,1,0,,alibaba/cobar
0,3093,5,"2,5",1,0,,yipianfengye/android-adDialog
9,3087,4,2,1,0,,google/volley
0,3087,6,3,1,0,,danylovolokh/VideoPlayerManager
155,3072,4,6.0,1.0,1.0,,Col-E/Recaf
8,3067,2,3,1,0,,qunarcorp/bistoury
18,3074,2,6,1,0,,liujingxing/rxhttp
9,3072,3,5,1,0,,JavaNoober/BackgroundLibrary
20,3070,4,3,1,0,,huburt-Hu/NewbieGuide
0,3070,7,3,1,0,,gabrielemariotti/RecyclerViewItemAnimators
0,3068,6,2,1,0,,hongyangAndroid/Highlight
0,3051,3,2,1,0,,JeremyLiao/LiveEventBus
8,3062,7,1,1,0,,WritingMinds/ffmpeg-android-java
8,3058,3,4,1,0,,eleme/UETool
0,3056,4,0,1,NaN,,zwwill/yanxuan-weex-demo
8,3052,9,5,1,"0,41666667",,keyboardsurfer/Crouton
43,3053,6,3,1,0,,requery/requery
2,3042,3,3,1,0,,sofastack/sofa-jarslink
47,3021,4,3,1,0,,alibaba/jetcache
0,3037,10,2,1,0,,jgilfelt/android-viewbadger
117,3022,4,5,1,0,,micrometer-metrics/micrometer
22,2975,2,5,1,0,,zlt2000/microservices-platform
0,3025,9,3,1,0,,undertow-io/undertow
1,3012,6,"8,5",1,"0,404411765",,anggrayudi/android-hidden-api
4,3015,5,2,1,0,,crazyandcoder/citypicker
3,3009,7,6,2,0,,guoguibing/librec
10,3009,7,4,1,0,,pedrovgs/DraggablePanel
0,3011,4,3,1,0,,zhou-you/RxEasyHttp
1,3007,5,2,2,0,,xmuSistone/ViewpagerTransition
6,2996,4,3,"1,5",0,,KingJA/LoadSir
0,2995,5,1,1,0,,fishercoder1534/Leetcode
2,3001,6,3,1,0,,lovetuzitong/MultiImageSelector
22,3002,6,"5,5",2,0,,facebookarchive/react-native-fbsdk
12,2993,5,2,1,0,,woxingxiao/BubbleSeekBar
0,2995,4,1,1,0,,uber/NullAway
0,2992,6,2,1,0,,Marswin/MarsDaemon
1,2994,7,"4,5",2,0,,dmytrodanylyk/android-process-button
1,2992,9,4,2,0,,stephanenicolas/robospice
13,2973,3,3,1,0,,burhanrashid52/PhotoEditor
45,2979,5,3,1,0,,Polidea/RxAndroidBle
12,2978,11,4,1,0,,spockframework/spock
32,2971,1,4,1,0,,PowerJob/PowerJob
11,2953,1,2,1,"0,5",,didi/LogiKM
0,2967,5,3,1,0,,lenve/JavaEETest
6,2963,8,3,1,0,,immutables/immutables
45,2967,8,4,1,"0,083333335",,Red5/red5-server
0,2956,3,1,1,0,,jbloch/effective-java-3e-source-code
14,2960,6,"4,5",1,0,,jd-alexander/LikeButton
1,2957,4,3,1,0,,android-notes/Cockroach
12,2949,6,6,2,"0,5",,h2database/h2database
0,2958,6,"3,5",1,0,,jasonross/Nuwa
0,2956,9,3,1,0,,aragozin/jvm-tools
1,2954,13,2,1,"0,50000002",,yui/yuicompressor
5,2927,2,3,1,0,,WeiYe-Jing/datax-web
116,2946,8,2,1,0,,mplushnikov/lombok-intellij-plugin
2,2938,5,2,1,0,,zaaach/CityPicker
175,2931,6,4,1,"0,041666668",,zendesk/maxwell
0,2923,2,3,1,0,,CheckChe0803/flink-recommandSystem-demo
0,2931,6,5,2,"0,6375",,udacity/Sunshine-Version-2
0,2917,3,3,2,0,,florent37/ShapeOfView
11,2919,3,1,1,0,,mxdldev/android-mvp-mvvm-flytour
0,2919,8,1,1,0,,java8/Java8InAction
5,2919,4,1,1,0,,MindorksOpenSource/PRDownloader
1,2910,4,3,1,"0,0625",,yarolegovich/SlidingRootNav
32,2905,3,2,1,0,,trojan-gfw/igniter
18,2907,6,4,1,0,,KeepSafe/dexcount-gradle-plugin
43,2898,9,3,1,0,,jacoco/jacoco
0,2905,8,4,1,"0,44444445",,yusugomori/DeepLearning
30,2905,9,4,1,0,,javaee/jersey
2,2899,6,3,1,0,,ZieIony/Carbon
0,2897,8,4,1,0,,edmodo/cropper
0,2896,8,5,2,0,,ManuelPeinado/FadingActionBar
2,2892,5,0,0,0,,JackyAndroid/AndroidChromium
0,2892,6,3,1,0,,googlesamples/android-vision
62,2882,6,3,2,"0,75",,react-native-share/react-native-share
0,2875,2,4,1,"0,25",,KunMinX/Linkage-RecyclerView
0,2884,10,2,1,0,,FasterXML/jackson-databind
2,2881,6,5,1,0,,geftimov/android-pathview
3,2864,3,2,1,0,,subhra74/xdm
12,2872,4,4,1,0,,evrencoskun/TableView
0,2853,5,,,,,NotFound9/interviewGuide
0,2878,6,6,1,"0,5",,YahooArchive/anthelion
2,2878,6,2,1,0,,race604/FlyRefresh
6,2862,3,4,1,0,,baomidou/dynamic-datasource-spring-boot-starter
94,2871,5,5,1,0,,ballerina-platform/ballerina-lang
0,2874,7,3,1,0,,saulmm/Android-Material-Examples
0,2868,6,2,1,0,,dingjikerbo/Android-BluetoothKit
29,2865,7,3,1,0,,ltsopensource/light-task-scheduler
0,2865,5,2,1,0,,guolindev/booksource
0,2863,4,2,1,0,,gouthampradhan/leetcode
41,2861,839,3.0,1.0,0.0,,obsidiandynamics/kafdrop
13,2861,6,3,1,0,,donglua/PhotoPicker
0,2859,1642,3.0,1.0,0.0,,alibaba/QLExpress
0,2855,7,4,2,0,,watabou/pixel-dungeon
71,2850,5,6,1,0,,vaticle/typedb
3,2854,6,3,1,0,,iwgang/CountdownView
0,2856,1,3,1,0,,nic-delhi/AarogyaSetu_Android
7,2851,8,4,1,0,,SpecialCyCi/AndroidResideMenu
0,2850,9,4,1,0,,openaphid/android-flip
0,2850,4,2,1,0,,nanchen2251/RxJava2Examples
4,2847,2152,3.0,1.0,0.0,,jiangqqlmj/FastDev4Android
0,2844,2619,3.0,1.0,1.0,,CrawlScript/WebCollector
0,2838,2405,4.0,1.0,0.0,,bmelnychuk/AndroidTreeView
1,2838,3893,3.0,1.0,0.0,,osmandapp/OsmAnd
0,2836,1916,3.0,1.0,1.0,,yanzhenjie/AndServer
7,2830,2382,3.0,1.0,0.0,,w446108264/XhsEmoticonsKeyboard
114,2829,2682,3.0,1.0,1.0,,jindrapetrik/jpexs-decompiler
2,2827,2270,5.0,2.0,0.0,,JulienGenoud/android-percent-support-lib-sample
0,2819,1367,2.0,1.0,2.0,,AweiLoveAndroid/CommonDevKnowledge
0,2819,1969,4.0,1.0,0.0,,sunfusheng/StickyHeaderListView
10,2819,1078,5.0,1.0,0.0,,alibaba/Alink
3,2811,2002,4.0,1.0,0.0,,szerhusenBC/jwt-spring-security-demo
0,2803,2922,3.0,1.0,0.0,,square/flow
3,2803,1983,2.0,1.0,0.0,,mzule/ActivityRouter
0,2800,480,3.0,1.0,0.0,,LandGrey/SpringBootVulExploit
18,2800,1629,3.0,1.0,0.0,,jiajunhui/PlayerBase
59,2799,1356,11.0,1.0,0.0,,tronprotocol/java-tron
0,2798,3079,3.0,1.0,5.0,,VaughnVernon/IDDD_Samples
0,2787,3751,4.0,1.0,0.0,,DiUS/java-faker
1,2785,1969,2.0,1.0,0.0,,FinalTeam/RxGalleryFinal
1,2784,1665,4.0,2.0,1.0,,florent37/ExpectAnim
0,2781,1734,6.0,1.0,0.0,,spring-cloud/spring-cloud-kubernetes
27,2778,2059,5.0,1.0,1.0,,jenkinsci/blueocean-plugin
0,2777,3217,2.0,1.0,0.0,,JoanZapata/android-pdfview
15,2775,2863,3.0,2.0,0.0,,JCTools/JCTools
0,2774,2806,2.0,1.0,0.0,,JakeWharton/scalpel
3,2773,3012,3.0,1.0,0.0,,Teevity/ice
0,2773,1749,3.0,1.0,4.0,,Tencent/MSEC
0,2768,2466,4.5,1.0,0.0,,apache/nifi
3,2766,2216,5.0,1.0,0.0,,google/binnavi
0,2760,2687,4.0,1.0,0.0,,airbnb/airpal
13,2758,2068,4.0,1.0,0.0,,bin456789/Unblock163MusicClient-Xposed
59,2758,3719,4.0,2.0,2.0,,liquibase/liquibase
0,2754,2635,2.5,1.0,0.0,,googlearchive/android-Camera2Basic
0,2750,2019,4.0,2.0,0.0,,Nightonke/WoWoViewPager
2,2745,2281,2.0,1.0,0.5,,Yalantis/GuillotineMenu-Android
0,2744,1952,3.0,1.0,1.0,,north2016/T-MVP
0,2741,4294,2.0,1.0,0.0,,RobotiumTech/robotium
26,2740,1479,2.0,1.0,0.0,,eclipse-openj9/openj9
3,2739,1995,4.0,1.0,0.0,,JackyAndroid/AndroidTVLauncher
0,2737,4497,3.0,1.0,1.0,,apache/maven
0,2733,2157,3.0,1.0,0.0,,Nightonke/CoCoin
33,2732,2535,2.0,1.0,0.0,,cSploit/android
0,2730,2307,3.0,1.5,0.0,,googlesamples/google-services
16,2715,4,3,1,"0,11111111",,PhilippC/keepass2android
3,2713,7,5,1,"0,16666667",,Mojang/brigadier
0,2720,2063,2.0,1.0,0.0,,wenmingvs/AndroidProcess
4,2720,1826,3.0,1.0,0.0,,TangoAgency/material-intro-screen
16,2718,8,4,1,0,,code-troopers/android-betterpickers
13,2718,4,2,1,0,,MagicMashRoom/SuperCalendar
0,2714,6,3,1,0,,fengjundev/Android-Skin-Loader
17,2707,5,8,1,"0,66666665",,liuyangming/ByteTCC
118,2694,9,4,1,"0,5",,oshi/oshi
0,2706,7,3,1,0,,pedrovgs/Algorithms
0,2708,6,"9,5","1,5","0,77944862",,saulmm/CoordinatorBehaviorExample
2,2707,5,3,1,0,,harjot-oberai/MusicDNA
0,2705,7,6,1,0,,oguzbilgener/CircularFloatingActionMenu
11,2701,8,5,1,"0,6666667",,bastillion-io/Bastillion
0,2694,11,1,1,0,,awaitility/awaitility
1,2688,2,4,1,"0,1875",,android/user-interface-samples
0,2699,4,3,1,0,,AbrahamCaiJin/CommonUtilLibrary
12,2693,6,5,"1,5",0,,tyzlmjj/PagerBottomTabStrip
0,2693,8,1,1,0,,jfeinstein10/JazzyViewPager
0,2693,6,0,0,0,,lizhangqu/CoreLink
16,2689,6,3,1,0,,sockeqwe/AdapterDelegates
38,2678,7,3,1,0,,jMonkeyEngine/jmonkeyengine
73,2683,5,4,1,0,,jtablesaw/tablesaw
0,2677,5,4,1,0,,mmin18/RealtimeBlurView
0,2678,5,3,1,0,,amitshekhariitbhu/awesome-android-complete-reference
7,2639,1,6.0,1.0,1.0,,spring-projects/spring-authorization-server
5,2676,8,3,1,0,,JohnPersano/SuperToasts
4,2676,7,4.0,2.0,1.0,,flavioarfaria/KenBurnsView
0,2665,4,4,1,0,,MindorksOpenSource/android-mvvm-architecture
0,2668,4,4,1,0,,glomadrian/Grav
22,2663,5,3,1,0,,Dimezis/BlurView
8,2657,4,3,1,0,,Hitomis/transferee
7,2658,7,2,1,0,,Malinskiy/SuperRecyclerView
21,2655,7,3,1,0,,chanjarster/weixin-java-tools
3,2652,9,4,1,"0,333333335",,Todd-Davies/ProgressWheel
0,2650,9,4,1,0,,qii/weiciyuan
0,2642,7,6,1,0,,apache/calcite
9,2645,8,4,1,0,,spring-io/initializr
0,2651,5,3,1,0,,brianway/springmvc-mybatis-learning
44,2636,10,"3,5",1,"0,5",,killme2008/aviatorscript
0,2646,6,3,1,0,,google/hover
0,2643,4,3,1,0,,aritraroy/PatternLockView
0,2642,6,"2,5",2,"0,1",,500px/500px-android-blur
84,2646,4,3,1,0,,lbryio/lbry-android
0,2634,1,7,1,"0,8708332999999999",,supertokens/supertokens-core
6,2639,10,2,1,0,,chennaione/sugar
126,2621,4,4,2,0,,RipMeApp/ripme
16,2627,4,5,1,"0,5833333",,halirutan/IntelliJ-Key-Promoter-X
0,2624,1,1,1,0,,phodal/migration
0,2629,9,4,1,0,,SimonVT/android-menudrawer
5,2628,8,"2,5",1,"0,16666667",,beworker/pinned-section-listview
0,2626,2121,3.0,1.0,1.0,,EverythingMe/overscroll-decor
19,2835,3389,3.0,1.0,1.0,,jprante/elasticsearch-jdbc
69,2831,1810,3.0,1.0,0.0,,apollographql/apollo-android
0,66725,3,1,1,0,,MisterBooo/LeetCodeAnimation
0,4137,2332,2,1,0,,awangdev/LintCode
