RepositoryName,Age,Stars,ReleasesCount,Cbo,Dit,Lcom2,Loc
CyC2018/CS-Notes,1307,138136,0,,,,0.0
Snailclimb/JavaGuide,1224,110512,0,,,,0.0
iluwatar/java-design-patterns,2591,69915,0,3.0,1.0,0.0,31112.0
doocs/advanced-java,1072,57191,0,,,,0.0
spring-projects/spring-boot,3250,57109,106,4.0,1.0,0.0,298769.0
elastic/elasticsearch,4234,56421,56,6.0,2.0,1.0,1776320.0
kdn251/interviews,1671,53859,0,1.0,1.0,0.0,11708.0
macrozheng/mall,1257,52364,1,3.0,1.0,13.0,100909.0
ReactiveX/RxJava,3169,45265,225,1.0,1.0,0.0,368467.0
spring-projects/spring-framework,3931,44273,210,3.0,1.0,0.0,624047.0
google/guava,2663,42313,32,2.0,1.0,0.0,527939.0
TheAlgorithms/Java,1884,40575,0,1.0,1.0,1.0,12350.0
square/retrofit,4024,38684,0,3.0,1.0,0.0,26475.0
kon9chunkit/GitHub-Chinese-Top-Charts,738,38504,0,,,,0.0
apache/dubbo,3372,36128,38,4.0,1.0,0.0,156640.0
PhilJay/MPAndroidChart,2697,33925,44,5.0,1.0,1.0,21111.0
airbnb/lottie-android,1802,31759,36,4.0,1.0,0.0,15350.0
bumptech/glide,2988,31693,36,4.0,1.0,0.0,58901.0
Blankj/AndroidUtilCode,1870,29811,116,2.0,1.0,0.0,39792.0
NationalSecurityAgency/ghidra,926,28728,15,5.0,1.0,1.0,1523960.0
geekxh/hello-algorithm,471,28509,0,1.0,1.0,0.0,1851.0
zxing/zxing,3623,28355,27,4.0,2.0,1.0,36193.0
netty/netty,3960,27551,0,3.0,1.0,0.0,301606.0
eugenp/tutorials,3058,27465,0,3.0,1.0,0.0,340449.0
skylot/jadx,3100,27103,14,3.0,1.0,0.0,90037.0
alibaba/arthas,1110,27087,37,3.0,1.0,1.0,39432.0
crossoverJie/JCSprout,1365,26390,0,1.0,1.0,0.0,4377.0
ityouknow/spring-boot-examples,1772,26215,0,4.0,1.0,0.0,3798.0
JakeWharton/butterknife,3113,25735,0,2.0,1.0,0.0,7712.0
apolloconfig/apollo,2018,25429,33,4.0,1.0,0.0,42615.0
proxyee-down-org/proxyee-down,1418,25376,49,4.0,1.0,2.0,3392.0
jeecgboot/jeecg-boot,1021,24913,16,4.0,1.0,0.0,29873.0
alibaba/druid,3601,24477,42,5.0,2.0,0.0,305597.0
alibaba/fastjson,3601,23771,82,2.0,1.0,0.0,206554.0
greenrobot/EventBus,3345,23593,5,3.0,1.0,0.0,5734.0
xkcoding/spring-boot-demo,1402,23311,0,4.0,1.0,0.0,7163.0
scwang90/SmartRefreshLayout,1563,22955,8,3.0,1.0,0.0,20455.0
lenve/vhr,1347,22272,0,2.0,1.0,6.0,2971.0
CymChad/BaseRecyclerViewAdapterHelper,1981,22257,191,3.0,1.0,0.0,3931.0
dbeaver/dbeaver,2153,22096,135,5.0,1.0,1.0,369440.0
Netflix/Hystrix,3219,21941,79,2.0,1.0,0.0,62010.0
wuyouzhuguli/SpringAll,1229,21631,0,4.0,1.0,0.0,10936.0
SeleniumHQ/selenium,3163,21630,69,4.0,1.0,0.0,88492.0
hollischuang/toBeTopJavaer,1053,21528,0,,,,0.0
qiurunze123/miaosha,1094,21476,0,3.0,1.0,0.0,8714.0
signalapp/Signal-Android,3559,21108,0,5.0,1.0,0.0,226163.0
alibaba/easyexcel,1314,21081,1,5.0,1.0,1.0,15808.0
seata/seata,989,20767,31,5.0,1.0,3.0,167667.0
alibaba/canal,3164,20453,21,4.0,1.0,1.0,104684.0
dromara/hutool,2709,20384,100,3.0,1.0,1.0,96216.0
alibaba/spring-cloud-alibaba,1381,20058,25,5.0,1.0,0.0,18399.0
google/gson,2369,20026,1,2.0,1.0,0.0,29103.0
apache/kafka,3681,19842,0,4.0,1.0,0.0,364711.0
halo-dev/halo,1271,19699,72,5.0,1.0,0.0,18286.0
ReactiveX/RxAndroid,2581,19498,18,1.0,1.0,0.0,1433.0
alibaba/nacos,1185,19458,41,3.0,1.0,0.0,95810.0
xuxueli/xxl-job,2115,19386,30,3.0,1.0,0.0,8609.0
libgdx/libgdx,3320,18902,8,4.0,1.0,0.0,278033.0
google/ExoPlayer,2648,18242,13,5.0,1.0,0.0,199874.0
square/picasso,3043,18116,7,3.5,1.0,1.0,6818.0
didi/DoraemonKit,1125,17913,5,2.0,1.0,0.0,78174.0
Baseflow/PhotoView,3344,17912,5,3.0,1.0,0.0,1792.0
DrKLO/Telegram,2879,17822,68,4.0,1.0,0.0,880707.0
jenkinsci/jenkins,3947,17815,124,4.0,2.0,0.0,172952.0
apache/skywalking,2136,17705,46,4.0,1.0,0.0,61014.0
redisson/redisson,2801,17351,99,4.0,1.0,0.0,6645.0
bazelbuild/bazel,2649,17303,116,4.0,1.0,0.0,250844.0
alibaba/Sentinel,1257,17287,18,3.0,1.0,0.0,50918.0
apache/flink,2654,17096,0,5.0,1.0,0.0,1030253.0
nostra13/Android-Universal-Image-Loader,3577,16844,0,3.0,1.0,0.5,7434.0
facebook/fresco,2386,16656,44,5.0,1.0,0.0,77878.0
CarGuo/GSYVideoPlayer,1764,16640,26,2.0,1.0,0.0,28394.0
elunez/eladmin,1003,16325,6,4.0,1.0,0.0,7775.0
linlinjava/litemall,1270,16312,8,3.0,1.0,1.0,90770.0
mybatis/mybatis-3,3132,16190,34,2.0,1.0,0.0,52894.0
shuzheng/zheng,1804,16083,0,3.0,1.0,0.0,41742.0
Tencent/tinker,1832,16007,42,3.0,1.0,0.0,38841.0
forezp/SpringCloudLearning,1618,15934,0,4.0,1.0,0.0,3819.0
dianping/cat,3203,15887,0,4.0,1.0,1.0,96693.0
oracle/graal,2068,15882,32,4.0,1.0,1.0,1178103.0
brettwooldridge/HikariCP,2896,15718,0,3.0,1.0,0.0,10542.0
apache/rocketmq,1747,15311,3,3.0,1.0,1.0,91094.0
EnterpriseQualityCoding/FizzBuzzEnterpriseEdition,3214,15144,0,2.0,1.0,0.0,894.0
winterbe/java8-tutorial,2737,15004,0,1.0,1.0,0.0,2081.0
android10/Android-CleanArchitecture,2581,14949,0,4.0,1.0,1.0,2260.0
TeamNewPipe/NewPipe,2201,14923,107,5.0,1.0,1.0,36151.0
openzipkin/zipkin,3385,14697,62,5.0,1.0,1.0,37264.0
apache/shardingsphere,2064,14516,44,5.0,1.0,0.0,115636.0
JeffLi1993/springboot-learning-example,1679,14496,0,3.0,1.0,0.0,2964.0
lottie-react-native/lottie-react-native,1689,14448,3,2.5,1.0,1.0,486.0
LMAX-Exchange/disruptor,3278,14072,12,3.0,1.0,0.0,11971.0
hdodenhof/CircleImageView,2795,14011,0,5.0,2.0,0.0,360.0
lgvalle/Material-Animations,2380,13581,0,2.0,1.0,0.0,1010.0
dyc87112/SpringBoot-Learning,1848,13537,0,4.0,1.0,0.0,4874.0
alibaba/ARouter,1733,13413,16,2.0,1.0,0.0,3165.0
Tencent/QMUI_Android,1605,13155,35,3.0,1.0,0.0,59929.0
orhanobut/logger,2368,12982,16,6.0,1.0,0.0,827.0
Bigkoo/Android-PickerView,2450,12912,0,2.0,1.0,0.0,4421.0
material-components/material-components-android,1742,12798,41,4.0,1.0,1.0,74119.0
Curzibn/Luban,1876,12659,6,1.0,1.0,1.0,1088.0
medcl/elasticsearch-analysis-ik,3558,12640,140,4.5,1.0,1.0,2051.0
iBotPeaches/Apktool,3464,12502,14,4.0,2.0,3.0,11277.0
greenrobot/greenDAO,3613,12427,8,4.0,1.0,1.0,18545.0
prestodb/presto,3321,12405,0,6.0,1.0,1.0,592345.0
Konloch/bytecode-viewer,2525,12402,55,2.0,1.0,0.0,17946.0
Anuken/Mindustry,1596,12376,129,2.0,1.0,0.0,102385.0
eclipse-vertx/vert.x,3740,12357,0,4.0,1.0,1.0,130250.0
facebook/stetho,2425,12354,13,3.0,1.0,0.0,19224.0
android-hacker/VirtualXposed,1381,12265,49,2.0,2.0,0.0,47519.0
eclipse/deeplearning4j,2846,12180,0,7.0,2.0,4.0,493981.0
mockito/mockito,3256,12159,179,2.0,1.0,0.0,47387.0
justauth/JustAuth,955,12144,43,2.0,1.0,6.0,5163.0
daimajia/AndroidSwipeLayout,2575,12126,18,2.0,1.0,0.0,2770.0
zhihu/Matisse,1613,12083,15,5.0,1.0,0.0,3418.0
arduino/Arduino,4013,12044,34,2.0,1.0,0.0,25862.0
apache/hadoop,2572,11935,0,5.0,1.0,0.0,1553872.0
daimajia/AndroidViewAnimations,2638,11925,9,2.0,2.0,0.0,965.0
YunaiV/SpringBoot-Labs,1096,11844,0,4.0,1.0,0.0,25584.0
JessYanCoding/AndroidAutoSize,1122,11831,14,4.0,1.0,1.0,1731.0
baomidou/mybatis-plus,1851,11697,21,4.0,1.0,0.0,17122.0
pinpoint-apm/pinpoint,2519,11673,47,4.0,1.0,0.0,320903.0
Tencent/APIJSON,1756,11592,82,2.0,1.0,8.0,8290.0
youth5201314/banner,1969,11498,0,5.0,2.0,1.0,2713.0
Tencent/VasSonic,1503,11388,10,2.0,1.0,0.0,7421.0
Netflix/zuul,3105,11281,5,4.0,1.0,1.0,17552.0
realm/realm-java,3432,11191,0,3.0,1.0,0.0,108689.0
jfeinstein10/SlidingMenu,3361,11180,0,3.0,1.0,0.0,3085.0
androidannotations/androidannotations,3537,11160,0,4.0,1.0,1.0,28828.0
apache/druid,3246,11140,46,6.0,1.0,0.0,466587.0
GoogleContainerTools/jib,1329,11129,129,4.0,1.0,0.0,34559.0
openjdk/jdk,1091,10916,0,2.0,1.0,0.0,1558.0
Yalantis/uCrop,2077,10880,13,3.0,1.0,1.0,4605.0
williamfiset/Algorithms,1639,10842,0,2.0,1.0,3.0,32212.0
sqshq/piggymetrics,2359,10832,2,5.0,1.0,0.0,1881.0
alibaba/vlayout,1658,10801,34,3.0,1.0,0.0,14042.0
LuckSiege/PictureSelector,1712,10796,97,3.0,1.0,1.0,30619.0
zhisheng17/flink-learning,985,10783,0,3.0,1.0,0.0,9638.0
permissions-dispatcher/PermissionsDispatcher,2220,10764,40,0.0,1.0,3.0,3184.0
Netflix/eureka,3335,10714,141,4.0,1.0,0.0,32742.0
android-async-http/android-async-http,3857,10648,3,4.0,1.0,3.0,7620.0
pagehelper/Mybatis-PageHelper,2652,10629,8,6.0,1.0,0.0,6320.0
antlr/antlr4,4238,10618,22,2.0,2.0,0.0,48123.0
projectlombok/lombok,4479,10531,3,2.0,1.0,0.0,1183.0
hyb1996/Auto.js,1689,10457,0,4.0,1.0,1.0,48388.0
google/guice,2664,10420,14,3.0,1.0,0.0,79915.0
ben-manes/caffeine,2465,10409,55,3.0,1.0,0.0,58968.0
heibaiying/BigData-Notes,917,10406,0,5.0,1.0,0.0,2145.0
lipangit/JiaoZiVideoPlayer,2045,10387,78,6.0,2.0,4.0,4511.0
H07000223/FlycoTabLayout,2134,10387,4,3.0,1.0,1.0,2730.0
jeasonlzy/okhttp-OkGo,2067,10373,14,5.0,1.0,0.0,13418.0
java-decompiler/jd-gui,2363,10362,18,3.0,1.0,1.0,19309.0
seaswalker/spring-analysis,1829,10340,0,2.0,1.0,0.0,378.0
lingochamp/FileDownloader,2091,10293,65,2.0,1.0,1.0,14387.0
tbruyelle/RxPermissions,2175,10233,11,2.0,1.0,0.0,876.0
JakeWharton/ViewPagerIndicator,3692,10232,0,5.5,3.0,0.0,2947.0
codecentric/spring-boot-admin,2606,10185,59,6.0,1.0,0.0,12388.0
JessYanCoding/MVPArms,1863,10102,25,5.0,1.0,3.0,5986.0
frank-lam/fullstack-tutorial,1248,10045,0,,,,0.0
redis/jedis,4111,10037,49,2.0,1.0,0.0,41215.0
code4craft/webmagic,3064,10019,20,4.0,1.0,1.0,8535.0
keycloak/keycloak,2994,9973,11,4.0,1.0,1.0,438766.0
mission-peace/interview,2611,9938,0,2.0,1.0,1.0,27259.0
gyf-dev/ImmersionBar,1607,9856,0,5.0,2.0,3.0,6706.0
apache/zookeeper,4552,9831,0,3.0,1.0,0.0,114191.0
YoKeyword/Fragmentation,2028,9704,30,3.0,1.0,0.0,8981.0
aosp-mirror/platform_frameworks_base,4709,9703,0,4.0,1.0,1.0,1619886.0
daniulive/SmarterStreaming,1996,9681,0,2.0,1.0,0.0,12602.0
liaohuqiu/android-Ultra-Pull-To-Refresh,2495,9674,8,2.0,1.0,0.0,5476.0
OpenAPITools/openapi-generator,1219,9639,42,5.0,1.0,0.0,476348.0
ksoichiro/Android-ObservableScrollView,2500,9622,0,3.0,2.0,0.0,12621.0
alibaba/DataX,1333,9589,0,3.0,1.0,0.0,50603.0
janishar/mit-deep-learning-book-pdf,1619,9579,3,0.0,1.0,0.0,2.0
apache/pulsar,1902,9578,50,4.0,1.0,0.0,353592.0
HarlonWang/AVLoadingIndicatorView,2150,9553,1,2.0,1.0,0.0,2161.0
macrozheng/mall-learning,884,9533,0,3.0,1.0,3.0,144610.0
pockethub/PocketHub,3657,9473,1,5.0,1.0,0.0,6980.0
wasabeef/glide-transformations,2438,9457,0,5.0,2.0,0.0,991.0
google/auto,3035,9397,51,3.0,1.0,1.0,28482.0
react-native-camera/react-native-camera,2356,9373,142,2.0,1.0,0.0,12114.0
umano/AndroidSlidingUpPanel,3026,9322,8,2.0,1.0,0.0,2011.0
neo4j/neo4j,3226,9291,72,4.0,1.0,1.0,506169.0
googlesamples/easypermissions,2091,9247,12,8.0,1.0,6.0,1705.0
thingsboard/thingsboard,1746,9217,44,4.0,1.0,0.0,119726.0
perwendel/spark,3783,9163,0,3.0,1.0,0.0,9588.0
square/javapoet,3145,9131,0,2.0,1.0,0.0,7519.0
navasmdc/MaterialDesignLibrary,2539,9119,3,3.0,1.0,0.0,2927.0
paascloud/paascloud-master,1275,9097,0,4.0,1.0,0.0,16639.0
clojure/clojure,4093,9090,0,0.0,1.0,0.0,43842.0
bilibili/DanmakuFlameMaster,2954,9062,5,3.0,1.0,1.0,12879.0
grpc/grpc-java,2470,9050,96,3.0,1.0,0.0,197914.0
MyCATApache/Mycat-Server,2474,9047,7,3.0,1.0,0.0,92790.0
jhy/jsoup,4285,9005,4,3.0,1.0,1.0,27227.0
careercup/CtCI-6th-Edition,2264,8999,0,2.0,1.0,1.0,21093.0
nathanmarz/storm,3648,8941,0,3.0,1.0,1.0,60552.0
termux/termux-app,2151,8939,88,4.0,1.0,0.0,19877.0
apereo/cas,3656,8931,191,8.0,1.0,0.0,168329.0
pxb1988/dex2jar,2372,8929,4,4.0,1.0,0.0,41211.0
koral--/android-gif-drawable,3147,8924,55,4.0,1.0,0.0,2931.0
chefyuan/algorithm-base,179,8911,0,,,,0.0
hackware1993/MagicIndicator,1904,8854,12,4.0,1.0,3.0,4533.0
lihengming/spring-boot-api-project-seed,1542,8827,4,4.0,1.0,0.0,484.0
chrisbanes/Android-PullToRefresh,3575,8812,0,4.5,2.0,1.0,3567.0
zaproxy/zaproxy,2293,8795,227,3.0,1.0,1.0,176414.0
laobie/StatusBarUtil,2036,8693,0,3.0,1.0,0.0,1036.0
DuGuQiuBai/Java,2118,8667,0,1.0,1.0,0.0,13656.0
lzyzsd/JsBridge,2390,8633,0,1.5,1.0,0.5,920.0
chrisjenx/Calligraphy,2823,8624,4,5.0,1.0,3.0,968.0
didi/VirtualAPK,1536,8523,4,3.0,1.0,1.0,7981.0
quarkusio/quarkus,1164,8471,137,3.0,1.0,0.0,459806.0
roughike/BottomBar,2006,8452,4,2.0,1.0,0.0,2834.0
Freelander/Android_Data,2353,8430,0,2.0,1.0,3.0,116.0
TooTallNate/Java-WebSocket,4253,8395,13,2.0,1.0,3.0,14208.0
GcsSloop/AndroidNote,2078,8360,0,1.0,1.0,3.0,402.0
OpenRefine/OpenRefine,3254,8343,27,5.0,1.0,0.0,60939.0
Justson/AgentWeb,1584,8231,16,3.0,1.0,0.0,10550.0
florent37/MaterialViewPager,2333,8226,11,3.0,1.0,0.0,1616.0
Blankj/awesome-java-leetcode,1609,8203,0,2.0,1.0,1.0,1772.0
android/testing-samples,2528,8196,0,6.0,1.0,0.0,1703.0
junit-team/junit4,4625,8190,13,3.0,1.0,0.0,32973.0
stanfordnlp/CoreNLP,2999,8140,4,4.0,1.0,0.0,515599.0
cats-oss/android-gpuimage,3265,8072,0,2.0,2.0,0.0,6341.0
facebook/buck,3070,8038,56,5.0,1.0,1.0,506150.0
asLody/VirtualApp,1894,8031,0,2.0,2.0,0.0,46624.0
dropwizard/dropwizard,3889,8029,109,5.0,1.0,0.0,40568.0
Activiti/Activiti,3286,8023,27,5.0,1.0,1.0,142523.0
ybq/Android-SpinKit,2002,7997,0,5.0,2.0,1.0,1812.0
alibaba/atlas,1657,7993,7,4.0,1.0,1.0,157679.0
crossoverJie/cim,1211,7940,7,3.0,1.0,0.0,7280.0
HannahMitt/HomeMirror,2212,7904,0,2.0,1.0,0.0,1719.0
amitshekhariitbhu/Android-Debug-Database,1761,7891,12,4.0,1.0,0.0,2393.0
ChrisRM/material-theme-jetbrains,2181,7884,17,3.0,2.0,1.0,14517.0
newbee-ltd/newbee-mall,722,7861,0,2.0,1.0,6.0,3952.0
MindorksOpenSource/android-interview-questions,1526,7825,0,0.0,1.0,0.0,5.0
firebase/quickstart-android,1965,7825,0,3.0,1.0,0.0,6776.0
huanghaibin-dev/CalendarView,1646,7821,0,4.0,1.0,3.0,11557.0
Netflix/SimianArmy,3355,7792,4,4.0,1.0,3.0,16056.0
jwtk/jjwt,2556,7756,0,3.0,1.0,1.0,5204.0
guolindev/LitePal,3126,7724,0,3.0,1.0,0.0,11830.0
JakeWharton/hugo,2848,7702,0,7.0,1.0,6.0,384.0
trello/RxLifecycle,2246,7683,22,6.0,1.0,0.0,2523.0
hs-web/hsweb-framework,2064,7660,22,4.0,1.0,0.0,16784.0
shwenzhang/AndResGuard,2163,7648,4,2.0,1.0,0.5,6581.0
square/moshi,2591,7591,0,3.0,1.0,0.0,18214.0
airbnb/epoxy,1861,7511,68,4.0,2.0,1.0,31576.0
kaushikgopal/RxJava-Android-Samples,2608,7490,0,3.0,1.0,3.0,2633.0
dropwizard/metrics,4216,7420,70,4.0,1.0,0.0,24794.0
OpenFeign/feign,3000,7400,20,3.0,1.0,0.0,26165.0
aritraroy/UltimateAndroidReference,1616,7367,0,1.0,1.0,0.0,22.0
macrozheng/mall-swarm,657,7348,1,3.0,1.0,13.0,100941.0
google/agera,2096,7296,16,4.0,1.0,0.0,10897.0
react-native-image-picker/react-native-image-picker,2288,7280,83,2.5,1.0,0.0,659.0
square/dagger,3328,7278,0,3.0,1.0,0.0,8363.0
facebook/litho,1689,7265,46,5.0,1.0,0.0,134215.0
resilience4j/resilience4j,2293,7237,29,5.0,1.0,1.0,45806.0
Bearded-Hen/Android-Bootstrap,2872,7236,5,3.0,1.0,2.0,10389.0
cymcsg/UltimateRecyclerView,2419,7229,9,3.0,1.0,0.0,16083.0
apache/shardingsphere-elasticjob,2193,7226,26,4.0,1.0,0.0,21442.0
lecho/hellocharts-android,2527,7214,14,4.0,1.0,1.0,10995.0
pedant/sweet-alert-dialog,2520,7205,2,1.5,1.0,0.0,943.0
doocs/jvm,1177,7196,0,,,,0.0
JakeWharton/ActionBarSherlock,3842,7177,32,4.0,1.0,0.0,26463.0
crazycodeboy/TakePhoto,2231,7157,15,2.0,1.0,1.0,2403.0
vipshop/vjtools,1202,7145,9,2.0,1.0,1.0,18382.0
geeeeeeeeek/WeChatLuckyMoney,2174,7110,20,3.0,1.0,1.0,931.0
google/tsunami-security-scanner,466,7107,4,5.0,1.0,1.0,5502.0
koush/AndroidAsync,3306,7094,0,2.0,1.0,0.0,18082.0
leolin310148/ShortcutBadger,2858,7065,0,5.0,1.0,1.0,885.0
gedoor/MyBookshelf,1188,7034,160,4.0,1.0,1.0,50475.0
doocs/source-code-hunter,685,7023,0,,,,0.0
signalapp/Signal-Server,2834,7017,0,4.0,1.0,0.0,35528.0
davemorrissey/subsampling-scale-image-view,2939,6998,21,3.5,1.0,0.0,4262.0
doocs/leetcode,1092,6970,16,,,,0.0
ogaclejapan/SmartTabLayout,2402,6949,0,4.0,1.0,1.0,1912.0
google/android-classyshark,2162,6861,17,,,,0.0
hongyangAndroid/okhttputils,2218,6859,0,2.5,1.0,0.0,1961.0
Qihoo360/RePlugin,1557,6854,17,3.0,1.0,0.0,29380.0
apache/cassandra,4497,6846,0,5.0,1.0,1.0,388775.0
swagger-api/swagger-core,3722,6832,66,3.0,1.0,0.0,31361.0
alibaba/otter,2956,6785,10,3.0,1.0,1.0,68112.0
dyc87112/SpringCloud-Learning,1848,6774,0,5.0,1.0,0.0,14309.0
zhoutaoo/SpringCloud,1512,6746,0,5.0,1.0,0.0,2876.0
barteksc/AndroidPdfViewer,1928,6746,0,1.0,1.0,0.0,3328.0
kevin-wayne/algs4,2204,6737,0,4.0,1.0,0.0,21507.0
java-native-access/jna,3789,6736,0,3.0,2.0,0.0,104054.0
hongyangAndroid/AndroidAutoLayout,2124,6717,0,5.0,2.0,8.0,2370.0
goldze/MVVMHabit,1514,6655,3,2.0,1.0,0.0,9110.0
DroidPluginTeam/DroidPlugin,2208,6633,2,2.0,3.0,0.0,22301.0
KunMinX/Jetpack-MVVM-Best-Practice,682,6619,0,3.0,1.0,0.0,4004.0
naman14/Timber,2284,6611,5,3.0,1.0,0.0,21859.0
abel533/Mapper,2487,6596,2,4.0,1.0,0.0,17425.0
seven332/EhViewer,2678,6582,97,4.0,1.0,1.0,44372.0
yanzhenjie/AndPermission,1827,6545,0,3.0,1.0,0.0,4486.0
NLPchina/elasticsearch-sql,2576,6494,165,5.0,1.0,6.0,18833.0
uber/RIBs,1440,6470,4,3.0,1.0,0.0,7096.0
Exrick/xmall,1507,6407,0,3.0,1.0,15.0,55520.0
apache/dolphinscheduler,926,6398,17,4.0,1.0,1.0,66843.0
Angel-ML/angel,1601,6385,19,5.0,2.0,0.0,201496.0
zendesk/android-floating-action-button,2550,6342,0,3.0,1.0,0.0,1078.0
yuanguangxin/LeetCode,610,6303,0,1.0,1.0,0.0,3181.0
koush/ion,3035,6282,0,3.0,1.0,0.0,9443.0
apache/storm,2868,6274,0,3.0,1.0,1.0,375901.0
vinc3m1/RoundedImageView,3124,6247,19,9.0,2.0,0.0,1265.0
json-path/JsonPath,3884,6247,7,3.5,1.0,0.0,13899.0
gocd/gocd,2830,6231,68,5.0,1.0,0.0,289840.0
GrenderG/Toasty,1698,6226,19,3.0,1.0,0.0,487.0
lenve/VBlog,1356,6214,0,4.0,1.0,1.0,781.0
spring-projects/spring-security,3533,6211,74,5.0,1.0,0.0,167230.0
checkstyle/checkstyle,2934,6211,107,1.0,1.0,0.0,3177.0
wildfirechat/server,963,6208,48,4.0,1.0,1.0,137078.0
Meituan-Dianping/walle,1706,6194,1,2.0,1.0,0.5,4633.0
k9mail/k-9,3873,6181,112,3.0,1.0,0.0,58699.0
ionic-team/capacitor,1394,6173,63,3.0,1.0,3.0,5355.0
markzhai/AndroidPerformanceMonitor,2065,6169,0,3.0,1.0,0.0,2234.0
google/closure-compiler,2706,6144,0,5.0,1.0,1.0,301496.0
ikew0ng/SwipeBackLayout,2940,6124,0,3.0,1.0,3.0,1635.0
rengwuxian/MaterialEditText,2509,6106,19,2.0,1.0,0.0,3385.0
flyway/flyway,3194,6101,109,5.0,1.0,1.0,21598.0
zo0r/react-native-push-notification,2099,6087,34,4.0,1.0,0.0,1884.0
SonarSource/sonarqube,3903,6070,11,5.0,1.0,0.0,361523.0
guardianproject/haven,1656,6069,37,4.0,1.0,1.0,4554.0
rey5137/material,2469,6063,10,3.0,1.0,1.0,27346.0
pedrovgs/EffectiveAndroidUI,2627,6061,0,3.0,1.0,1.0,1923.0
dromara/Sa-Token,587,6053,20,4.0,1.0,1.0,8853.0
NanoHttpd/nanohttpd,3320,6052,3,3.0,1.0,1.0,7106.0
google/physical-web,2539,6038,17,3.0,1.0,0.0,7481.0
TechEmpower/FrameworkBenchmarks,3096,6026,15,4.0,1.0,0.0,16483.0
processing/processing,3153,5989,48,2.0,1.0,0.0,110008.0
NLPchina/ansj_seg,3294,5985,3,4.0,1.0,0.0,12265.0
smuyyh/BookReader,1866,5964,0,2.0,1.0,0.0,30918.0
antoniolg/androidmvp,2720,5956,0,2.0,1.0,0.0,274.0
singwhatiwanna/dynamic-load-apk,2723,5949,0,3.0,1.0,0.0,2620.0
zouzg/mybatis-generator-gui,1953,5946,16,5.0,1.0,3.0,3047.0
daimajia/NumberProgressBar,2691,5937,3,0.5,1.0,0.0,380.0
li-xiaojun/XPopup,1010,5923,155,3.0,1.0,0.0,11647.0
aa112901/remusic,1998,5916,0,3.0,1.0,0.0,47786.0
wyouflf/xUtils3,2146,5904,9,3.0,1.0,2.0,12561.0
ArthurHub/Android-Image-Cropper,2432,5883,32,4.0,1.0,0.0,4655.0
react-native-video/react-native-video,2357,5843,5,3.0,1.0,1.0,3302.0
Graylog2/graylog2-server,4136,5839,28,6.0,1.0,1.0,152516.0
kekingcn/kkFileView,1370,5835,10,4.0,1.0,1.0,9691.0
google/j2objc,2782,5825,39,2.0,1.0,1.0,105651.0
AsyncHttpClient/async-http-client,3842,5821,0,4.0,1.0,1.0,32817.0
springside/springside4,3489,5806,3,2.0,1.0,1.0,12842.0
cryptomator/cryptomator,2779,5772,111,7.0,1.0,1.0,12171.0
ityouknow/spring-cloud-examples,1598,5758,0,4.0,1.0,0.0,762.0
JakeWharton/u2020,2859,5735,0,4.0,1.0,1.0,4813.0
Nightonke/BoomMenu,2003,5731,0,4.0,1.0,0.0,7710.0
weibocom/motan,1971,5724,16,4.0,1.0,1.0,37608.0
prolificinteractive/material-calendarview,2407,5720,22,4.0,1.0,0.0,3658.0
Devlight/InfiniteCycleViewPager,1847,5699,2,3.0,2.0,0.0,3564.0
google/error-prone,2579,5692,15,4.0,1.0,0.0,108453.0
real-logic/aeron,2774,5680,77,4.0,1.0,0.0,80753.0
daimajia/AndroidImageSlider,2659,5646,5,2.0,1.0,1.0,3813.0
nhaarman/ListViewAnimations,3099,5642,14,5.0,2.0,0.0,5697.0
sohutv/cachecloud,2056,5639,5,2.0,1.0,0.0,80650.0
Tencent/Shadow,822,5628,2,3.0,1.0,0.0,22326.0
JakeWharton/DiskLruCache,3538,5619,0,2.5,1.0,3.0,1937.0
react-native-svg/react-native-svg,2065,5616,75,4.0,2.0,4.0,7436.0
wasabeef/richeditor-android,2358,5612,0,2.0,1.0,0.0,804.0
sshahine/JFoenix,2196,5608,0,4.0,1.0,1.0,24546.0
apache/tomcat,3634,5584,0,3.0,1.0,1.0,338976.0
ximsfei/Android-skin-support,1704,5578,0,5.0,1.0,1.0,21939.0
febsteam/FEBS-Shiro,1272,5570,0,4.5,1.0,0.0,4562.0
amlcurran/ShowcaseView,3316,5562,13,5.0,1.0,0.0,2086.0
joelittlejohn/jsonschema2pojo,3004,5558,58,5.0,1.0,0.0,13759.0
lets-blade/blade,2286,5550,9,3.0,1.0,0.0,14775.0
metersphere/metersphere,587,5535,97,3.0,1.0,0.0,159567.0
hongyangAndroid/FlowLayout,2207,5524,0,3.0,1.0,0.0,810.0
apache/jmeter,4127,5519,0,4.0,2.0,3.0,126101.0
dmytrodanylyk/circular-progress-button,2654,5517,0,2.0,1.0,0.0,1416.0
alibaba/COLA,1314,5517,3,3.0,1.0,0.0,4911.0
emilsjolander/StickyListHeaders,3472,5515,16,3.0,1.0,0.0,2112.0
rabbitmq/rabbitmq-tutorials,4009,5512,0,5.0,1.0,1.0,2471.0
yarolegovich/DiscreteScrollView,1654,5505,2,2.0,1.0,0.0,3698.0
k0shk0sh/FastHub,1667,5504,63,6.0,1.0,1.0,40321.0
rest-assured/rest-assured,3979,5502,0,5.0,1.0,0.0,25841.0
liyifeng1994/ssm,1912,5497,0,2.0,1.0,1.0,369.0
knightliao/disconf,2662,5477,12,3.0,1.0,0.0,14009.0
alibaba/freeline,1866,5475,22,2.0,1.0,1.0,5357.0
facebookarchive/rebound,2893,5472,10,2.0,1.0,0.0,4095.0
jpush/aurora-imui,1734,5470,42,2.5,1.0,0.0,17789.0
sockeqwe/mosby,2363,5455,15,3.0,1.0,0.0,17193.0
mrniko/netty-socketio,3531,5447,3,3.0,1.0,0.0,5529.0
dm77/barcodescanner,2757,5408,6,2.0,1.0,0.0,2796.0
jgilfelt/SystemBarTint,2856,5403,3,7.0,2.0,1.0,807.0
apache/zeppelin,2363,5391,0,3.0,1.0,1.0,200063.0
evant/gradle-retrolambda,2960,5383,37,3.0,1.0,0.0,623.0
lightbend/config,3568,5381,0,3.0,1.0,0.0,13141.0
evernote/android-job,2215,5376,31,4.0,1.0,1.0,10679.0
wxiaoqi/Spring-Cloud-Platform,1571,5350,3,3.0,1.0,0.0,6014.0
debezium/debezium,2060,5344,0,4.0,1.0,1.0,124826.0
languagetool-org/languagetool,2957,5343,0,4.0,1.0,1.0,149404.0
haifengl/smile,2488,5340,22,5.0,1.0,1.0,97956.0
bytedeco/javacv,2701,5334,7,4.0,1.0,1.0,26437.0
springfox/springfox,3416,5330,12,3.0,1.0,0.0,32115.0
robolectric/robolectric,4033,5317,75,4.0,1.0,0.0,159961.0
google/grafika,2824,5313,1,5.0,2.0,0.0,10035.0
amitshekhariitbhu/Fast-Android-Networking,2001,5298,8,2.0,1.0,1.0,19596.0
lucasr/twoway-view,3159,5275,0,4.0,1.0,1.0,3688.0
XRecyclerView/XRecyclerView,2125,5266,0,2.0,1.0,0.0,5151.0
hanks-zyh/HTextView,2094,5260,0,2.0,1.0,0.0,3076.0
MindorksOpenSource/from-java-to-kotlin,1575,5250,0,0.5,1.0,0.0,37.0
yixia/VitamioBundle,3250,5234,0,3.0,1.0,0.0,6501.0
commonsguy/cw-omnibus,3471,5231,36,3.5,1.0,0.0,84720.0
testcontainers/testcontainers-java,2345,5230,51,5.0,1.0,0.0,19476.0
Alluxio/alluxio,3187,5226,48,5.0,1.0,1.0,188238.0
pentaho/pentaho-kettle,2896,5216,1,2.0,1.0,0.0,758511.0
h2pl/Java-Tutorial,1230,5213,0,0.0,1.0,0.0,8.0
apache/incubator-shenyu,1159,5212,3,4.0,1.0,0.0,57444.0
scribejava/scribejava,4025,5210,7,3.0,1.0,1.0,12625.0
square/otto,3364,5206,0,1.0,1.0,0.0,1987.0
changmingxie/tcc-transaction,2108,5204,2,3.0,1.0,0.0,7255.0
Clans/FloatingActionButton,2367,5192,14,2.0,1.0,0.0,2805.0
apache/dubbo-spring-boot-project,1333,5182,13,6.0,1.0,0.0,1938.0
graphql-java/graphql-java,2260,5179,38,6.0,1.0,1.0,47146.0
gzu-liyujiang/AndroidPicker,2153,5177,39,2.0,1.0,0.0,11946.0
Yalantis/Side-Menu.Android,2434,5167,2,2.0,1.0,0.0,449.0
intuit/karate,1678,5167,43,4.0,1.0,0.0,39587.0
thinkaurelius/titan,3487,5142,0,4.0,1.0,1.0,71163.0
h6ah4i/android-advancedrecyclerview,2423,5141,1,4.0,2.0,0.0,20692.0
motianhuo/wechat,2302,5140,0,3.0,1.0,0.0,34593.0
527515025/springBoot,1770,5139,0,4.0,1.0,0.0,7138.0
yanzhenjie/SwipeRecyclerView,1866,5124,0,3.0,1.0,0.0,11714.0
wuhaoyu1990/MagicCamera,2074,5107,0,3.0,1.0,0.0,14543.0
xxv/android-lifecycle,2704,5101,0,7.5,2.0,190.0,481.0
CameraKit/camerakit-android,1750,5099,17,2.0,1.0,0.0,4487.0
JesusFreke/smali,3276,5094,1,4.0,1.0,1.0,46601.0
KeepSafe/TapTargetView,1827,5076,23,2.0,1.0,0.0,1948.0
spring-projects/spring-petclinic,3168,5064,0,5.0,1.0,0.0,919.0
Vedenin/useful-java-links,2038,5060,0,2.0,1.0,0.0,6861.0
frogermcs/InstaMaterial,2498,5043,1,2.0,1.0,0.0,2223.0
Karumi/Dexter,2126,5036,33,3.0,1.0,0.0,2197.0
micronaut-projects/micronaut-core,1285,5025,97,4.0,1.0,0.0,120987.0
alibaba/UltraViewPager,1628,5024,10,2.0,1.0,0.0,1518.0
wasabeef/Blurry,2243,5008,0,3.5,1.0,0.0,641.0
twowaits/SDE-Interview-Questions,1418,5006,1,0.0,1.0,0.0,5.0
wequick/Small,2116,4996,25,2.0,1.0,0.0,7726.0
Trinea/android-common,3372,4994,1,3.0,1.0,1.0,6671.0
careercup/ctci,3097,4983,0,2.0,1.0,1.0,11244.0
apache/beam,2049,4983,14,6.0,1.0,0.0,548156.0
YunaiV/onemall,864,4970,0,4.0,1.0,0.0,17058.0
traex/RippleEffect,2525,4965,0,2.0,1.0,0.0,504.0
TommyLemon/Android-ZBLibrary,2215,4948,25,3.0,1.0,0.0,14602.0
crazycodeboy/react-native-splash-screen,1824,4947,11,2.5,1.0,0.5,230.0
spring-projects/spring-mvc-showcase,3754,4944,0,5.0,1.0,0.0,1281.0
amitshekhariitbhu/RxJava2-Android-Samples,1842,4942,0,2.0,1.0,0.0,3992.0
orhanobut/dialogplus,2466,4929,9,3.0,1.0,0.0,1047.0
MinecraftForge/MinecraftForge,3513,4907,0,5.0,1.0,0.0,55342.0
Devlight/NavigationTabBar,1993,4895,13,2.0,1.0,0.5,2538.0
journeyapps/zxing-android-embedded,3210,4883,6,4.0,1.0,1.0,4985.0
Meituan-Dianping/Leaf,1006,4879,0,1.5,1.0,0.0,1305.0
yipianfengye/android-zxingLibrary,1874,4877,0,3.0,1.0,0.0,2018.0
Ramotion/folding-cell-android,1990,4847,0,2.0,1.0,0.0,812.0
andkulikov/Transitions-Everywhere,2524,4835,23,5.0,1.0,0.0,9505.0
claritylab/lucida,2679,4835,0,4.0,1.0,1.0,23221.0
ZXZxin/ZXBlog,953,4816,0,1.0,1.0,0.0,589.0
etsy/AndroidStaggeredGrid,2834,4792,7,3.0,1.5,0.5,4010.0
rubensousa/GravitySnapHelper,1838,4790,14,4.5,1.5,1.0,610.0
mybatis/generator,3136,4779,9,5.0,2.0,2.0,72740.0
junit-team/junit5,2436,4764,52,3.0,1.0,0.0,71337.0
socketio/socket.io-client-java,3059,4760,3,1.0,1.0,0.0,5252.0
danikula/AndroidVideoCache,2356,4754,20,3.0,1.0,1.0,3217.0
btraceio/btrace,2572,4742,27,4.0,1.0,0.0,38200.0
gyoogle/tech-interview-for-developer,826,4742,0,1.5,1.0,0.0,663.0
saiwu-bigkoo/Android-ConvenientBanner,2455,4739,0,3.0,1.0,1.0,848.0
google/cameraview,1865,4734,0,3.0,1.0,0.0,2983.0
hibernate/hibernate-orm,3996,4733,16,5.0,1.0,1.0,643934.0
mcxiaoke/packer-ng-plugin,2119,4726,1,2.0,1.0,1.0,1776.0
pardom-zz/ActiveAndroid,3223,4725,0,3.0,2.0,3.0,3158.0
gabrielemariotti/cardslib,2914,4723,27,4.0,1.0,0.0,32257.0
facebook/shimmer-android,2389,4711,5,9.0,2.0,10.0,854.0
DingMouRen/LayoutManagerGroup,1233,4703,0,3.0,2.0,0.0,2285.0
JodaOrg/joda-time,3772,4688,32,6.0,2.0,10.0,91424.0
ffay/lanproxy,1757,4671,1,3.0,1.0,0.0,2668.0
square/sqlbrite,2397,4651,9,2.0,1.0,0.0,3329.0
AriaLyy/Aria,2032,4631,26,4.0,1.0,1.0,42723.0
hongyangAndroid/baseAdapter,2232,4631,0,3.0,1.0,0.0,1563.0
google/google-authenticator,2531,4625,0,2.0,1.0,1.0,3935.0
wdullaer/MaterialDateTimePicker,2444,4613,54,5.0,1.0,1.0,7536.0
questdb/questdb,2694,4607,36,5.0,1.0,1.0,208528.0
quartz-scheduler/quartz,2015,4606,2,3.0,1.0,1.0,41994.0
go-lang-plugin-org/go-lang-idea-plugin,4032,4591,21,6.0,2.0,3.0,45363.0
tomakehurst/wiremock,3626,4586,4,4.0,1.0,0.0,38793.0
danielzeller/Depth-LIB-Android-,1964,4582,0,2.0,1.0,0.0,3771.0
chentao0707/SimplifyReader,2218,4576,0,2.0,1.0,0.0,34709.0
SplashCodes/JAViewer,1940,4564,10,4.0,1.0,0.0,6309.0
jOOQ/jOOQ,3801,4554,0,8.0,1.0,3.0,186094.0
PaperMC/Paper,2060,4544,1,5.0,1.0,4.0,148.0
huangyanbin/smartTable,1404,4541,44,2.0,1.0,0.0,14165.0
youlookwhat/CloudReader,1757,4538,23,3.0,1.0,0.0,18509.0
alibaba/jvm-sandbox,1501,4531,12,2.0,1.0,0.0,14467.0
hazelcast/hazelcast,3462,4529,52,5.0,1.0,1.0,887209.0
JakeWharton/NineOldAndroids,3566,4528,0,2.0,1.0,0.0,7585.0
Nepxion/Discovery,1179,4527,110,4.0,1.0,0.0,21103.0
Flipboard/bottomsheet,2334,4515,10,3.0,1.0,0.0,2578.0
jdamcd/android-crop,2740,4507,6,1.0,1.0,0.0,1676.0
raphw/byte-buddy,2848,4506,230,4.0,1.0,0.0,240642.0
razerdp/BasePopup,2067,4505,15,3.0,1.0,1.0,28315.0
kyleduo/SwitchButton,2560,4504,0,2.0,1.0,0.0,1549.0
OpenTSDB/opentsdb,4034,4503,26,4.0,1.0,0.0,103404.0
theonedev/onedev,1041,4502,63,4.0,1.0,0.0,193773.0
zhanghai/Douya,2050,4499,11,4.0,1.0,1.0,44643.0
vavr-io/vavr,2782,4497,17,5.0,1.0,1.0,64328.0
confluentinc/ksql,1811,4490,8,5.0,1.0,0.0,173112.0
romandanylyk/PageIndicatorView,1849,4490,14,4.0,1.0,1.0,3532.0
frohoff/ysoserial,2419,4488,0,3.0,1.0,1.0,3851.0
jgilfelt/chuck,1678,4475,5,4.0,1.0,0.5,1698.0
nisrulz/android-tips-tricks,1844,4469,0,1.0,1.0,0.0,22.0
plantuml/plantuml,3965,4467,0,5.0,1.0,1.0,184562.0
spring-projects/spring-security-oauth,3701,4458,0,4.0,1.0,0.0,37422.0
pili-engineering/PLDroidPlayer,2294,4450,38,2.0,1.0,0.0,5645.0
gephi/gephi,3613,4446,12,3.0,1.0,0.0,120074.0
spring-cloud/spring-cloud-netflix,2620,4444,2,6.0,1.0,0.0,7013.0
square/android-times-square,3147,4443,0,4.0,1.0,0.0,2296.0
techGay/v9porn,1249,4439,9,3.0,1.0,0.0,24718.0
HotBitmapGG/bilibili-android-client,1929,4412,1,3.0,1.0,3.0,38892.0
hustcc/JS-Sorting-Algorithm,1697,4402,0,3.0,1.0,0.5,389.0
alibaba/dexposed,2266,4401,0,2.0,1.0,0.0,2414.0
flowable/flowable-engine,1795,4392,18,6.0,1.0,1.0,517771.0
castorflex/SmoothProgressBar,2846,4390,9,3.0,1.0,0.0,2208.0
auth0/java-jwt,2746,4389,29,4.0,1.0,1.0,7953.0
lingochamp/okdownload,1365,4375,8,4.0,1.0,0.0,18986.0
jankotek/mapdb,3313,4373,0,2.0,1.0,0.0,20198.0
mcxiaoke/android-volley,3036,4359,0,3.0,1.0,0.0,4965.0
sofastack/sofa-boot,1259,4356,45,4.0,1.0,0.0,22769.0
orientechnologies/orientdb,3199,4347,169,5.0,1.0,1.0,499234.0
MindorksOpenSource/android-mvp-architecture,1689,4341,0,3.0,1.0,0.0,4049.0
alibaba/transmittable-thread-local,2891,4322,43,4.0,1.0,0.0,2943.0
981011512/--,451,4319,0,3.0,1.0,6.0,26884.0
baidu/uid-generator,1630,4312,0,1.0,1.0,1.0,873.0
puniverse/quasar,3091,4312,18,2.0,1.0,0.0,52770.0
ElderDrivers/EdXposed,968,4299,27,4.0,1.0,1.0,71794.0
mapstruct/mapstruct,3394,4294,20,2.0,1.0,0.0,77013.0
firebase/FirebaseUI-Android,2257,4289,63,7.0,1.0,1.0,13744.0
Ashok-Varma/BottomNavigation,2003,4279,16,5.5,1.0,4.5,2091.0
aporter/coursera-android,2807,4277,0,4.0,1.0,0.0,19599.0
apache/groovy,2341,4271,0,3.0,1.0,1.0,187226.0
LawnchairLauncher/lawnchair,1654,4269,29,5.0,1.0,1.0,97422.0
alipay/SoloPi,913,4268,6,2.0,1.0,0.0,53275.0
Jasonchenlijian/FastBle,1846,4268,8,2.0,1.0,0.0,4713.0
bingoogolapple/BGARefreshLayout-Android,2299,4244,4,3.0,1.0,1.0,5450.0
Tencent/GT,2069,4226,3,2.0,1.0,0.0,56188.0
jeasonlzy/ImagePicker,2055,4218,5,3.0,1.0,0.0,3685.0
apache/hbase,2669,4195,11,5.0,1.0,1.0,872351.0
deathmarine/Luyten,2985,4193,17,1.0,1.0,0.0,6750.0
awsdocs/aws-doc-sdk-examples,1851,4187,0,5.0,1.0,1.0,43045.0
spring-projects/spring-data-examples,2782,4182,0,2.0,1.0,0.0,51039.0
roncoo/roncoo-pay,1879,4178,0,3.0,1.0,3.0,20071.0
JanusGraph/janusgraph,1721,4172,19,4.0,1.0,1.0,88650.0
reactive-streams/reactive-streams-jvm,2753,4162,0,3.0,1.0,0.0,15248.0
yasserg/crawler4j,3543,4160,3,4.0,1.0,1.0,4736.0
grantland/android-autofittextview,3863,4151,1,4.0,1.0,1.5,470.0
cglib/cglib,2724,4151,15,1.0,1.0,0.0,17670.0
lettuce-io/lettuce-core,2682,4148,93,4.0,1.0,0.0,77738.0
microg/GmsCore,2699,4147,24,4.0,2.0,0.0,31690.0
robinhood/ticker,1885,4144,9,4.0,1.0,0.0,1480.0
2227324689/gpmall,787,4142,0,3.0,1.0,0.0,8901.0
pedrovgs/AndroidWiFiADB,2156,4131,8,2.0,1.0,0.0,1096.0
hugeterry/CoordinatorTabLayout,1689,4115,0,3.0,1.0,0.0,473.0
google/google-java-format,2316,4112,13,3.0,1.0,1.0,12176.0
Jacksgong/JKeyboardPanelSwitch,2265,4111,14,3.0,1.0,0.0,1736.0
ankidroid/Anki-Android,3157,4102,950,5.0,1.0,1.0,88016.0
javagrowing/JGrowing,929,4087,0,1.0,1.0,1.0,329.0
hansonwang99/Spring-Boot-In-Action,958,4079,0,3.0,1.0,0.0,2714.0
ChadCSong/ShineButton,1895,4068,2,2.0,1.0,0.0,1111.0
Meituan-Dianping/Robust,1643,4067,13,2.0,1.0,3.5,2953.0
baoyachi/StepView,1908,4064,13,7.0,2.0,0.0,906.0
macrozheng/springcloud-learning,736,4063,0,4.0,1.0,0.0,3421.0
trinodb/trino,967,4059,0,6.0,1.0,1.0,613144.0
youtube/api-samples,2834,4059,0,7.0,1.0,0.0,2541.0
CellularPrivacy/Android-IMSI-Catcher-Detector,2850,4057,48,3.0,1.0,0.0,12171.0
bitcoinj/bitcoinj,2854,4057,1,3.0,1.0,0.0,97203.0
airbnb/DeepLinkDispatch,2285,4054,17,6.0,1.0,0.0,8663.0
Netflix/ribbon,3162,4054,41,2.0,1.0,0.0,21786.0
Yalantis/Phoenix,2435,4048,1,2.5,1.0,0.0,976.0
rubensousa/ViewPagerCards,1849,4039,0,6.0,2.0,0.0,240.0
bingoogolapple/BGABanner-Android,2514,4035,0,3.0,2.0,1.0,2123.0
makovkastar/FloatingActionButton,2609,4032,0,3.0,2.0,1.0,1014.0
alibaba/Tangram-Android,1628,4032,38,3.0,1.0,0.0,24338.0
codingapi/tx-lcn,1401,4029,14,4.0,1.0,0.0,7788.0
natario1/CameraView,1517,4022,41,3.0,1.0,0.0,21137.0
dinuscxj/LoadingDrawable,1975,4001,0,4.0,1.0,1.0,4428.0
cjlin1/libsvm,2924,3995,0,1.5,1.0,0.0,3087.0
Exrick/xpay,1370,3989,0,5.0,1.0,1.0,1449.0
zhanglei-workspace/shopping-management-system,2127,3981,0,2.5,1.0,3.0,5507.0
getActivity/AndroidProject,1055,3980,15,4.0,1.0,1.0,17932.0
rengwuxian/RxJavaSamples,1998,3972,3,3.0,1.0,0.0,1001.0
airbytehq/airbyte,412,3968,76,6.0,1.0,0.0,44102.0
apache/ignite,2397,3968,0,4.0,1.0,0.0,1085379.0
BoltsFramework/Bolts-Android,2782,3968,11,2.0,1.0,0.0,5144.0
ongakuer/CircleIndicator,2601,3966,7,5.0,2.0,1.0,1712.0
ThirtyDegreesRay/OpenHub,1524,3961,31,4.0,1.0,1.0,24549.0
qstumn/BadgeView,1677,3960,5,2.0,1.0,0.0,1759.0
zuihou/lamp-cloud,1334,3956,0,8.0,1.0,0.0,8805.0
alibaba/jstorm,2931,3955,22,4.0,1.0,1.0,296853.0
CodingDocs/springboot-guide,1019,3948,0,4.0,1.0,0.0,2177.0
JoanZapata/android-iconify,3014,3924,0,3.0,1.0,1.0,909.0
stleary/JSON-java,3918,3910,13,1.0,1.0,2.0,9515.0
lcodecorex/TwinklingRefreshLayout,2020,3903,0,2.0,1.0,0.0,6273.0
iNPUTmice/Conversations,2788,3896,99,3.0,1.0,1.0,66791.0
apache/hive,4497,3894,0,4.0,1.0,1.0,1937897.0
ZHENFENG13/spring-boot-projects,1625,3888,0,3.0,1.0,0.0,3085.0
apache/camel,4497,3884,0,5.0,1.0,0.0,1566452.0
yhaolpz/FloatWindow,1398,3879,9,2.0,1.0,1.0,1473.0
objectbox/objectbox-java,1692,3873,24,3.5,1.0,1.0,14194.0
aurelhubert/ahbottomnavigation,2005,3872,14,2.0,1.0,0.0,2339.0
kiegroup/drools,3859,3866,0,4.0,1.0,1.0,757418.0
xcltapestry/XCL-Charts,2652,3860,0,3.0,1.0,4.0,23397.0
Manabu-GT/ExpandableTextView,2675,3856,4,4.0,1.0,0.0,552.0
fuzhengwei/itstack-demo-design,480,3855,0,2.0,1.0,0.0,4512.0
phishman3579/java-algorithms-implementation,2853,3855,0,3.0,1.0,0.0,31758.0
javaparser/javaparser,3605,3829,29,6.0,1.0,1.0,153636.0
ronmamo/reflections,3071,3824,0,1.0,1.0,0.0,5131.0
apache/rocketmq-externals,1643,3823,0,3.0,1.0,0.0,32549.0
roboguice/roboguice,3318,3822,0,3.0,1.0,0.0,74026.0
luckybilly/CC,1389,3811,0,4.0,1.0,0.0,4599.0
orhanobut/hawk,2397,3808,22,2.0,1.0,1.0,834.0
azkaban/azkaban,3251,3807,48,4.0,1.0,1.0,84307.0
brianfrankcooper/YCSB,4164,3800,55,3.0,1.0,0.0,22046.0
bluelinelabs/Conductor,2006,3797,19,3.0,1.0,0.0,6494.0
zhaojun1998/zfile,755,3796,37,5.0,1.0,0.5,3526.0
Piasy/BigImageViewer,1771,3794,0,3.0,1.0,0.5,2538.0
CalebFenton/simplify,2796,3792,9,7.0,1.0,0.0,21150.0
bjmashibing/InternetArchitect,694,3790,0,3.0,1.0,1.0,89843.0
dreamhead/moco,3251,3784,0,5.0,1.0,1.0,15235.0
brianway/java-learning,2042,3783,0,1.0,1.0,0.0,10984.0
MiguelCatalan/MaterialSearchView,2190,3779,6,2.0,1.0,1.0,1361.0
chewiebug/GCViewer,3612,3773,5,4.0,1.0,1.0,19748.0
AntennaPod/AntennaPod,3330,3771,39,5.0,1.0,1.0,48783.0
Heeexy/SpringBoot-Shiro-Vue,1395,3769,0,6.0,1.0,0.0,632.0
Freeyourgadget/Gadgetbridge,2442,3768,0,4.0,1.0,0.0,97502.0
oldmanpushcart/greys-anatomy,3217,3766,0,3.0,1.0,0.0,10774.0
reactor/reactor-core,2133,3758,101,5.0,1.0,3.0,48717.0
coobird/thumbnailator,2241,3753,0,2.0,1.0,0.0,16098.0
opensearch-project/OpenSearch,226,3746,5,6.0,1.0,1.0,968585.0
JZ-Darkal/AndroidHttpCapture,1793,3736,1,2.5,1.0,0.0,15905.0
rstudio/rstudio,3932,3720,0,3.0,1.0,0.0,204861.0
yanzhenjie/NoHttp,2237,3719,0,3.0,1.0,1.0,8428.0
microsoft/malmo,1944,3710,21,5.0,2.0,1.0,19130.0
timehop/sticky-headers-recyclerview,2536,3706,0,2.0,1.0,0.0,808.0
dromara/hmily,1445,3703,0,4.0,1.0,0.0,25808.0
Genymobile/gnirehtet,1676,3698,11,2.0,1.0,1.0,4326.0
zzhoujay/RichText,2245,3689,0,2.0,1.0,0.0,5185.0
databricks/learning-spark,2645,3680,0,2.0,1.0,0.0,2295.0
lzyzsd/CircleProgress,2509,3675,0,6.0,2.0,1.0,1451.0
bisq-network/bisq,2741,3670,113,4.0,1.0,1.0,145893.0
android/views-widgets-samples,737,3667,0,2.0,1.0,0.0,7843.0
hussien89aa/AndroidTutorialForBeginners,1812,3663,0,4.0,1.0,0.0,4071.0
Doikki/DKVideoPlayer,1615,3659,30,3.0,1.0,0.5,16368.0
citerus/dddsample-core,2416,3654,0,4.0,1.0,0.0,4360.0
yangfuhai/ASimpleCache,2968,3637,0,2.0,1.0,0.0,1993.0
eirslett/frontend-maven-plugin,2935,3637,0,3.0,1.0,1.0,2884.0
amirzaidi/Launcher3,1566,3636,22,3.0,1.0,0.0,60130.0
pqpo/SmartCropper,1501,3631,13,3.0,1.0,0.0,1004.0
vespa-engine/vespa,1927,3625,0,4.0,1.0,1.0,615244.0
rockerhieu/emojicon,2794,3622,2,4.0,1.0,0.0,2971.0
powermock/powermock,2664,3621,16,2.0,1.0,0.0,32977.0
ryanhoo/StylishMusicPlayer,1825,3618,0,3.0,1.0,0.0,5777.0
react-native-webrtc/react-native-webrtc,2177,3618,37,2.0,1.0,0.0,2714.0
willowtreeapps/spruce-android,1662,3614,3,3.0,1.0,0.0,4269.0
litesuits/android-common,2663,3610,0,2.0,1.0,1.0,6519.0
aws/aws-sdk-java,4192,3607,0,6.0,1.0,1.0,5269690.0
nytimes/Store,1748,3597,0,5.0,1.0,1.0,11288.0
meefik/linuxdeploy,3309,3596,37,5.0,2.0,3.0,2693.0
johncarl81/parceler,2993,3593,0,3.0,1.0,0.0,10156.0
oblac/jodd,3292,3593,37,3.0,1.0,0.0,26870.0
apache/shiro,4397,3592,0,3.5,1.0,1.0,32084.0
bytedeco/javacpp,2701,3580,7,4.0,2.0,0.0,25173.0
binIoter/GuideView,1911,3578,0,2.0,1.0,1.0,1246.0
sunfusheng/MarqueeView,1929,3570,0,4.0,1.0,0.0,804.0
dongjunkun/DropDownMenu,2273,3563,2,3.0,1.0,0.0,513.0
apache/incubator-heron,2179,3560,55,4.0,1.0,1.0,70752.0
tyrantgit/ExplosionField,2181,3559,0,2.0,1.5,0.0,343.0
luontola/retrolambda,2976,3552,0,1.0,1.0,0.0,4848.0
apache/pinot,2673,3552,10,5.0,1.0,1.0,265385.0
cabaletta/baritone,1138,3548,56,4.0,1.0,1.0,17430.0
mercyblitz/tech-weekly,1014,3545,0,1.5,1.0,0.0,1017.0
lsjwzh/RecyclerViewPager,2430,3543,10,2.0,1.0,0.0,2735.0
tuguangquan/mybatis,2505,3539,0,2.0,1.0,0.0,39118.0
pmd/pmd,3350,3538,68,3.0,2.0,1.0,122975.0
Atmosphere/atmosphere,4092,3536,0,4.0,1.0,1.0,42243.0
linkedin/datahub,2125,3534,28,6.0,1.0,1.0,21798.0
kikoso/android-stackblur,2950,3530,0,0.0,1.0,0.0,933.0
Netflix/conductor,1740,3529,259,6.0,1.0,0.0,47103.0
baoyongzhang/SwipeMenuListView,2576,3527,2,2.0,1.0,1.0,1347.0
lygttpod/SuperTextView,1789,3517,39,2.0,1.0,0.0,4002.0
arimorty/floatingsearchview,2121,3510,0,2.0,1.0,0.0,4170.0
google/open-location-code,2539,3494,5,3.0,1.0,0.0,2252.0
codeestX/GeekNews,1862,3491,0,2.0,1.0,0.0,11939.0
xcc3641/SeeWeather,2031,3484,2,3.0,1.0,1.0,3101.0
openhab/openhab1-addons,2914,3481,14,3.0,1.0,0.0,285986.0
JakeWharton/ThreeTenABP,2263,3477,0,4.0,1.0,0.0,117.0
querydsl/querydsl,3691,3474,34,3.0,1.0,0.0,98745.0
CameraKit/blurkit-android,1771,3462,3,5.0,1.0,0.0,497.0
davideas/FlexibleAdapter,2325,3455,30,4.0,1.0,1.0,15853.0
andremion/Music-Player,1955,3455,2,3.5,2.0,0.5,926.0
stfalcon-studio/ChatKit,1683,3454,1,3.0,2.0,0.0,4680.0
TeamAmaze/AmazeFileManager,2617,3451,52,4.0,1.0,1.0,33667.0
bilibili/MagicaSakura,1907,3449,3,7.5,2.0,3.0,5355.0
jitsi/jitsi,3063,3449,7,3.0,1.0,0.0,219030.0
dropbox/hackpad,2221,3448,0,3.0,1.0,1.0,87731.0
failsafe-lib/failsafe,2266,3446,0,5.0,1.0,0.0,7862.0
mybatis/spring-boot-starter,2179,3440,21,4.0,1.0,0.0,3612.0
guolindev/giffun,958,3439,0,3.0,1.0,1.0,22397.0
avast/android-butterknife-zelezny,2820,3434,8,3.0,1.0,0.0,1626.0
M66B/NetGuard,2150,3429,131,2.0,1.0,0.0,12809.0
Ereza/CustomActivityOnCrash,2627,3418,11,3.0,1.0,0.0,998.0
code4craft/tiny-spring,2802,3413,0,2.0,1.0,0.0,1543.0
sofastack/sofa-rpc,1252,3412,39,4.0,1.0,0.0,63165.0
yigit/android-priority-jobqueue,2641,3407,0,3.0,1.0,0.0,14102.0
mpusher/mpush,1963,3406,9,3.0,1.0,1.0,15032.0
google/rejoiner,1376,3403,3,5.0,1.0,0.0,3566.0
xuexiangjys/XUI,979,3402,20,4.0,1.0,1.0,88909.0
crossoverJie/SSM,1909,3380,10,2.0,1.0,2.0,12864.0
Exrick/xboot,1238,3376,6,6.0,1.0,0.0,10265.0
oracle/opengrok,3170,3376,184,3.0,1.0,1.0,63321.0
linyiqun/DataMiningAlgorithm,2436,3375,0,2.0,1.0,0.0,11663.0
ivacf/archi,2193,3373,0,3.5,1.0,0.0,2029.0
runelite/runelite,1961,3372,0,3.0,1.0,0.0,193322.0
LWJGL/lwjgl3,3185,3361,14,7.0,4.0,55.0,568773.0
rovo89/XposedInstaller,3450,3358,0,2.0,1.0,0.0,8980.0
mock-server/mockserver,3120,3356,0,6.0,1.0,1.0,54921.0
apache/dubbo-admin,1340,3355,3,2.0,1.0,1.0,9669.0
WVector/AppUpdate,1546,3346,3,3.0,1.0,1.0,2925.0
mcxtzhang/SwipeDelMenuLayout,1844,3342,2,2.0,1.0,0.0,1085.0
alamkanak/Android-Week-View,2552,3328,4,2.0,1.0,0.0,2003.0
graphhopper/graphhopper,3494,3322,33,4.0,1.0,0.0,81676.0
ethanhua/Skeleton,1505,3316,0,3.0,1.0,0.0,752.0
actorapp/actor-platform,2275,3314,97,3.0,1.0,0.0,135306.0
j-easy/easy-rules,3108,3314,10,4.0,1.0,1.0,4857.0
jeremylong/DependencyCheck,3296,3311,19,5.0,2.0,3.0,35436.0
abel533/MyBatis-Spring-Boot,2094,3311,0,4.5,1.0,0.0,396.0
web3j/web3j,1834,3307,90,2.0,1.0,0.0,32649.0
shekhargulati/99-problems,2121,3301,0,2.0,1.0,0.0,2057.0
googlemaps/android-maps-utils,3040,3298,22,5.0,1.0,1.0,13367.0
knowm/XChange,3510,3295,0,4.0,1.0,0.0,161707.0
stylefeng/Guns,1529,3293,0,3.0,1.0,1.0,8490.0
kunal-kushwaha/DSA-Bootcamp-Java,44,3291,0,1.0,1.0,1.0,1960.0
lisawray/groupie,1837,3291,26,3.0,1.0,0.0,3898.0
GitLqr/LQRWeChat,1678,3285,0,2.0,1.0,1.0,17612.0
promeG/TinyPinyin,2174,3282,2,1.0,1.0,0.0,1401.0
line/armeria,2127,3278,190,5.0,1.0,0.0,184264.0
jboss-javassist/javassist,3033,3274,18,1.0,1.0,0.0,82471.0
code4craft/netty-learning,2915,3272,0,4.0,1.0,1.0,68759.0
iammert/ScalingLayout,1442,3267,4,2.0,1.0,0.0,631.0
sherxon/AlgoDS,1731,3266,0,1.0,1.0,0.0,21217.0
linkedin/databus,3191,3264,0,3.0,1.0,0.0,124341.0
saysky/ForestBlog,1435,3263,0,3.0,1.0,0.0,2437.0
apache/incubator-doris,1494,3259,8,4.0,1.0,0.0,236892.0
networknt/light-4j,1829,3259,140,2.0,1.0,1.0,45101.0
rubensousa/PreviewSeekBar,1692,3258,7,2.0,1.0,0.0,1215.0
luojilab/DDComponentForAndroid,1466,3258,4,2.0,1.0,0.0,1449.0
liuyubobobo/Play-with-Algorithms,1895,3252,0,3.0,1.0,0.0,15403.0
Fuzion24/JustTrustMe,2607,3247,1,1.0,1.0,0.0,622.0
tiann/epic,1574,3243,5,3.0,1.0,1.0,5116.0
tangqi92/Android-Tips,2194,3242,0,0.0,1.0,1.0,177.0
bluelinelabs/LoganSquare,2399,3242,0,3.0,1.0,0.0,6892.0
google/data-transfer-project,1347,3241,38,3.0,1.0,0.0,20865.0
kevinsawicki/http-request,3614,3234,0,2.0,1.0,0.0,4876.0
dataease/dataease,222,3229,11,3.0,1.0,0.0,70330.0
ittianyu/BottomNavigationViewEx,1765,3224,19,3.0,1.0,0.0,1371.0
java-aodeng/hope-boot,1061,3223,2,4.0,1.0,0.0,2870.0
hmkcode/Android,2932,3222,0,5.0,1.5,1.0,1851.0
bauerca/drag-sort-listview,3390,3222,0,2.0,1.0,0.0,4301.0
ragunathjawahar/android-saripaar,3291,3221,3,3.0,2.0,0.0,4723.0
bilibili/boxing,1694,3212,1,4.0,1.0,1.0,5910.0
traccar/traccar,3436,3208,34,4.0,2.0,0.0,55777.0
JSQLParser/JSqlParser,3734,3203,26,4.0,1.0,3.0,30029.0
chrisbanes/ActionBar-PullToRefresh,3022,3198,0,5.0,2.0,1.0,3717.0
eclipse/jetty.project,3713,3198,31,4.0,1.0,0.0,362515.0
UnevenSoftware/LeafPic,2075,3197,7,3.0,1.0,1.0,13594.0
Javen205/IJPay,1594,3193,23,5.0,1.0,0.0,10635.0
mik3y/usb-serial-for-android,2996,3189,19,5.5,1.0,1.0,6343.0
yangfuhai/afinal,3252,3188,0,2.0,1.0,0.0,6971.0
daimajia/AndroidViewHover,2592,3180,4,2.0,1.0,1.0,712.0
crate/crate,3077,3177,32,5.0,1.0,1.0,409392.0
uber/AutoDispose,1725,3174,2,5.0,1.0,1.0,5395.0
spring-cloud/spring-cloud-gateway,1761,3173,0,6.0,1.0,0.0,20975.0
pengjianbo/GalleryFinal,2183,3173,4,3.0,1.0,1.0,7997.0
zzz40500/GsonFormat,2508,3171,4,1.0,1.0,0.0,5684.0
MovingBlocks/Terasology,3845,3161,62,4.0,1.0,0.0,112866.0
apache/kylin,2444,3156,0,4.0,1.0,1.0,209004.0
andOTP/andOTP,1530,3155,38,3.0,1.0,0.0,8443.0
RedSpider1/concurrent,1044,3153,0,,,,0.0
vert-x3/vertx-examples,2392,3153,0,5.0,2.0,1.0,10202.0
wendux/DSBridge-Android,1714,3149,2,2.0,1.0,0.0,1841.0
androidx/androidx,513,3148,0,4.0,1.0,0.0,828224.0
jfinal/jfinal,3427,3142,0,3.0,1.0,1.0,30390.0
huanghongxun/HMCL,2274,3142,165,4.0,1.0,1.0,44967.0
hitherejoe/animate,2127,3142,0,6.0,2.0,1.0,1706.0
facebookarchive/network-connection-class,2370,3139,2,2.5,1.0,0.0,650.0
fyhertz/libstreaming,3147,3132,0,2.0,1.0,0.0,6798.0
remkop/picocli,1684,3128,76,2.0,1.0,0.0,88292.0
eishay/jvm-serializers,4158,3126,0,5.0,1.0,1.0,31287.0
amulyakhare/TextDrawable,2520,3126,0,3.0,1.0,0.0,824.0
chenBingX/SuperTextView,1609,3126,30,2.0,1.0,0.0,4663.0
airbnb/native-navigation,1822,3125,0,3.0,1.0,0.0,4473.0
BelooS/ChipsLayoutManager,1866,3109,11,3.5,1.0,0.0,6101.0
nicolasgramlich/AndEngine,3582,3106,0,3.0,1.0,1.0,33585.0
Skykai521/StickerCamera,2261,3096,0,2.0,1.0,0.0,14361.0
alibaba/cobar,2797,3096,1,3.0,1.0,1.0,63193.0
yipianfengye/android-adDialog,1867,3095,0,2.5,1.0,0.0,1607.0
google/volley,1692,3093,9,2.0,1.0,0.0,9296.0
danylovolokh/VideoPlayerManager,2257,3087,0,3.0,1.0,0.0,4228.0
Col-E/Recaf,1508,3083,155,6.0,1.0,1.0,1998.0
qunarcorp/bistoury,773,3082,8,3.0,1.0,1.0,73638.0
liujingxing/rxhttp,963,3081,19,6.0,1.0,3.0,6485.0
JavaNoober/BackgroundLibrary,1099,3077,9,5.0,1.0,1.0,7777.0
huburt-Hu/NewbieGuide,1507,3074,20,3.0,1.0,0.0,1896.0
gabrielemariotti/RecyclerViewItemAnimators,2578,3071,0,3.0,1.0,1.0,2088.0
hongyangAndroid/Highlight,2166,3070,0,2.0,1.0,0.0,964.0
JeremyLiao/LiveEventBus,1159,3069,0,2.0,1.0,0.0,9862.0
WritingMinds/ffmpeg-android-java,2558,3069,8,1.0,1.0,1.0,1306.0
eleme/UETool,1215,3062,8,4.0,1.0,0.0,4158.0
zwwill/yanxuan-weex-demo,1468,3056,0,0.0,1.0,0.0,16564.0
keyboardsurfer/Crouton,3327,3052,8,5.0,1.0,1.0,1454.0
requery/requery,2129,3052,43,3.0,1.0,0.0,23679.0
sofastack/sofa-jarslink,1318,3045,2,3.0,1.0,0.0,948.0
alibaba/jetcache,1614,3038,47,3.0,1.0,0.0,14821.0
jgilfelt/android-viewbadger,3638,3037,0,2.0,1.0,0.0,563.0
micrometer-metrics/micrometer,1616,3030,117,5.0,1.0,1.0,42988.0
zlt2000/microservices-platform,920,3030,23,5.0,1.0,0.0,11969.0
undertow-io/undertow,3342,3027,0,3.0,1.0,0.0,153983.0
anggrayudi/android-hidden-api,2188,3016,1,8.5,1.0,0.5,480.0
crazyandcoder/citypicker,1949,3016,4,2.0,1.0,0.0,6571.0
guoguibing/librec,2803,3014,3,6.0,2.0,1.0,28801.0
pedrovgs/DraggablePanel,2709,3011,10,4.0,1.0,1.0,1975.0
zhou-you/RxEasyHttp,1558,3009,0,3.0,1.0,0.0,11670.0
xmuSistone/ViewpagerTransition,1819,3009,1,2.0,2.0,0.0,588.0
KingJA/LoadSir,1471,3005,6,3.0,1.5,0.0,1481.0
fishercoder1534/Leetcode,1869,3004,0,1.0,1.0,0.0,99561.0
lovetuzitong/MultiImageSelector,2349,3001,2,3.0,1.0,0.0,1425.0
facebookarchive/react-native-fbsdk,2232,3001,22,5.5,2.0,1.0,1241.0
woxingxiao/BubbleSeekBar,1774,2998,12,2.0,1.0,1.0,1958.0
uber/NullAway,1472,2997,0,1.0,1.0,0.0,13579.0
Marswin/MarsDaemon,2088,2994,0,2.0,1.0,0.0,1010.0
dmytrodanylyk/android-process-button,2690,2993,1,4.5,2.0,1.0,941.0
stephanenicolas/robospice,3280,2990,1,4.0,2.0,0.0,14955.0
burhanrashid52/PhotoEditor,1328,2985,13,3.0,1.0,1.0,5310.0
Polidea/RxAndroidBle,2047,2984,45,3.0,1.0,0.0,11130.0
spockframework/spock,3927,2981,12,4.0,1.0,1.0,19740.0
PowerJob/PowerJob,545,2981,32,4.0,1.0,0.0,14573.0
didi/LogiKM,542,2971,11,2.0,1.0,3.0,35622.0
lenve/JavaEETest,1734,2970,0,3.0,1.0,0.0,3857.0
immutables/immutables,2989,2970,6,3.0,1.0,0.0,66649.0
Red5/red5-server,2854,2969,45,4.0,1.0,1.0,10262.0
jbloch/effective-java-3e-source-code,1136,2963,0,1.0,1.0,0.0,3018.0
jd-alexander/LikeButton,2090,2960,14,4.5,1.0,1.0,781.0
android-notes/Cockroach,1671,2960,1,3.0,1.0,0.0,1562.0
h2database/h2database,2347,2959,12,5.0,2.0,3.0,226128.0
jasonross/Nuwa,2132,2959,0,3.5,1.0,0.0,130.0
aragozin/jvm-tools,3424,2958,0,3.0,1.0,0.0,32159.0
yui/yuicompressor,4664,2956,1,2.0,1.0,8.0,6075.0
WeiYe-Jing/datax-web,663,2955,5,3.0,1.0,0.0,13801.0
mplushnikov/lombok-intellij-plugin,2895,2948,116,2.0,1.0,0.0,55041.0
zaaach/CityPicker,2024,2938,2,2.0,1.0,0.0,1295.0
zendesk/maxwell,2407,2938,175,4.0,1.0,0.0,16730.0
CheckChe0803/flink-recommandSystem-demo,851,2932,0,3.0,1.0,1.0,1835.0
udacity/Sunshine-Version-2,2383,2931,0,5.0,2.0,3.5,1692.0
florent37/ShapeOfView,1302,2923,0,3.0,2.0,1.0,2078.0
mxdldev/android-mvp-mvvm-flytour,992,2923,11,1.0,1.0,0.0,21364.0
java8/Java8InAction,2876,2922,0,1.0,1.0,0.0,3724.0
MindorksOpenSource/PRDownloader,1401,2919,5,1.0,1.0,0.0,4709.0
yarolegovich/SlidingRootNav,1631,2912,1,3.0,1.0,0.0,971.0
trojan-gfw/igniter,1039,2912,32,2.0,1.0,0.0,6009.0
KeepSafe/dexcount-gradle-plugin,2292,2908,18,3.5,1.0,1.0,3514.0
jacoco/jacoco,3353,2906,43,3.0,1.0,0.0,33182.0
yusugomori/DeepLearning,3176,2903,0,4.0,1.0,0.0,1083.0
javaee/jersey,3404,2902,30,4.0,1.0,0.0,249712.0
ZieIony/Carbon,2412,2901,2,3.0,1.0,1.0,38604.0
edmodo/cropper,2972,2898,0,4.0,1.0,1.0,970.0
ManuelPeinado/FadingActionBar,3032,2896,0,5.0,2.0,1.0,1197.0
JackyAndroid/AndroidChromium,1896,2893,2,3.0,1.0,0.0,139119.0
googlesamples/android-vision,2265,2892,0,3.0,1.0,0.0,7066.0
react-native-share/react-native-share,2174,2888,63,3.0,2.0,10.0,1543.0
KunMinX/Linkage-RecyclerView,874,2885,0,4.0,1.0,0.0,2468.0
FasterXML/jackson-databind,3551,2885,0,2.0,1.0,0.0,36179.0
geftimov/android-pathview,2427,2883,2,5.0,1.0,0.0,814.0
subhra74/xdm,1295,2882,3,2.0,1.0,1.0,26878.0
evrencoskun/TableView,1552,2879,12,4.0,1.0,1.0,5170.0
NotFound9/interviewGuide,1971,2879,0,,,,0.0
YahooArchive/anthelion,2147,2878,0,6.0,1.0,1.0,35882.0
race604/FlyRefresh,2299,2878,2,2.0,1.0,0.5,1696.0
baomidou/dynamic-datasource-spring-boot-starter,1233,2877,6,4.0,1.0,0.0,2895.0
ballerina-platform/ballerina-lang,1761,2876,94,5.0,1.0,1.0,383768.0
saulmm/Android-Material-Examples,2526,2873,0,3.0,1.0,1.0,809.0
dingjikerbo/Android-BluetoothKit,2166,2872,0,2.0,1.0,0.0,8347.0
ltsopensource/light-task-scheduler,2515,2867,29,3.0,1.0,0.0,45904.0
guolindev/booksource,1804,2867,0,2.0,1.0,0.0,5022.0
gouthampradhan/leetcode,1648,2863,0,2.0,1.0,1.0,19926.0
obsidiandynamics/kafdrop,839,2861,41,3.0,1.0,0.0,2496.0
donglua/PhotoPicker,2271,2861,13,3.0,1.0,0.0,2904.0
alibaba/QLExpress,1642,2859,0,3.0,1.0,0.0,12712.0
watabou/pixel-dungeon,2605,2859,0,4.0,2.0,1.0,38623.0
vaticle/typedb,1889,2855,71,6.0,1.0,1.0,64356.0
iwgang/CountdownView,2162,2855,3,3.0,1.0,0.0,4441.0
nic-delhi/AarogyaSetu_Android,474,2855,0,3.0,1.0,1.0,3906.0
SpecialCyCi/AndroidResideMenu,2829,2852,7,4.5,1.5,0.0,701.0
openaphid/android-flip,3400,2851,0,4.0,1.0,0.0,3934.0
nanchen2251/RxJava2Examples,1546,2850,0,2.0,1.0,0.0,3713.0
jiangqqlmj/FastDev4Android,2152,2847,4,3.0,1.0,0.0,17740.0
CrawlScript/WebCollector,2619,2844,0,3.0,1.0,1.0,4617.0
bmelnychuk/AndroidTreeView,2405,2838,0,4.0,1.0,0.0,2145.0
osmandapp/OsmAnd,3893,2838,1,3.0,1.0,0.0,568649.0
yanzhenjie/AndServer,1916,2836,0,3.0,1.0,1.0,11971.0
w446108264/XhsEmoticonsKeyboard,2382,2830,7,3.0,1.0,0.0,5625.0
jindrapetrik/jpexs-decompiler,2682,2829,114,3.0,1.0,1.0,243593.0
JulienGenoud/android-percent-support-lib-sample,2270,2827,2,5.0,2.0,0.0,307.0
AweiLoveAndroid/CommonDevKnowledge,1367,2819,0,2.0,1.0,2.0,882.0
sunfusheng/StickyHeaderListView,1969,2819,0,4.0,1.0,0.0,2295.0
alibaba/Alink,1078,2819,10,5.0,1.0,0.0,140244.0
szerhusenBC/jwt-spring-security-demo,2002,2811,3,4.0,1.0,0.0,549.0
square/flow,2922,2803,0,3.0,1.0,0.0,3591.0
mzule/ActivityRouter,1983,2803,3,2.0,1.0,0.0,874.0
LandGrey/SpringBootVulExploit,480,2800,0,3.0,1.0,0.0,311.0
jiajunhui/PlayerBase,1629,2800,18,3.0,1.0,0.0,12609.0
tronprotocol/java-tron,1356,2799,59,11.0,1.0,0.0,212812.0
VaughnVernon/IDDD_Samples,3079,2798,0,3.0,1.0,5.0,28463.0
DiUS/java-faker,3751,2787,0,4.0,1.0,0.0,6674.0
FinalTeam/RxGalleryFinal,1969,2785,1,2.0,1.0,0.0,8273.0
florent37/ExpectAnim,1665,2784,1,4.0,2.0,1.0,1868.0
spring-cloud/spring-cloud-kubernetes,1734,2781,0,6.0,1.0,0.0,11821.0
jenkinsci/blueocean-plugin,2059,2778,27,5.0,1.0,1.0,39967.0
JoanZapata/android-pdfview,3217,2777,0,2.0,1.0,0.0,2833.0
JCTools/JCTools,2863,2775,15,3.0,2.0,0.0,32277.0
JakeWharton/scalpel,2806,2774,0,2.0,1.0,0.0,578.0
Teevity/ice,3012,2773,3,3.0,1.0,0.0,5153.0
Tencent/MSEC,1749,2773,0,3.0,1.0,4.0,209421.0
apache/nifi,2466,2768,0,4.5,1.0,0.0,661260.0
google/binnavi,2216,2766,3,5.0,1.0,0.0,229006.0
airbnb/airpal,2687,2760,0,4.0,1.0,0.0,3952.0
bin456789/Unblock163MusicClient-Xposed,2068,2758,13,4.0,1.0,0.0,3198.0
liquibase/liquibase,3719,2758,59,4.0,2.0,2.0,87764.0
googlearchive/android-Camera2Basic,2635,2754,0,2.5,1.0,0.0,843.0
Nightonke/WoWoViewPager,2019,2750,0,4.0,2.0,0.0,8670.0
Yalantis/GuillotineMenu-Android,2281,2745,2,2.0,1.0,0.5,407.0
north2016/T-MVP,1952,2744,0,3.0,1.0,1.0,3803.0
RobotiumTech/robotium,4294,2741,0,2.0,1.0,0.0,6058.0
eclipse-openj9/openj9,1479,2740,26,2.0,1.0,0.0,490768.0
JackyAndroid/AndroidTVLauncher,1995,2739,3,4.0,1.0,0.0,1086.0
apache/maven,4497,2737,0,3.0,1.0,1.0,64262.0
Nightonke/CoCoin,2157,2733,0,3.0,1.0,0.0,22198.0
cSploit/android,2535,2732,33,2.0,1.0,0.0,22657.0
googlesamples/google-services,2307,2730,0,3.0,1.5,0.0,1078.0
PhilippC/keepass2android,1453,2722,16,3.0,1.0,1.0,60119.0
Mojang/brigadier,2554,2720,3,5.0,1.0,0.0,4012.0
wenmingvs/AndroidProcess,2063,2720,0,2.0,1.0,0.0,1387.0
TangoAgency/material-intro-screen,1826,2720,4,3.0,1.0,0.0,4607.0
code-troopers/android-betterpickers,3097,2718,16,4.0,1.0,0.0,16930.0
MagicMashRoom/SuperCalendar,1585,2718,13,2.0,1.0,0.5,1914.0
fengjundev/Android-Skin-Loader,2265,2712,0,3.0,1.0,0.0,3423.0
liuyangming/ByteTCC,2039,2709,17,8.0,1.0,6.0,14748.0
oshi/oshi,3502,2709,119,4.0,1.0,1.0,27596.0
pedrovgs/Algorithms,2499,2708,0,3.0,1.0,0.0,5982.0
saulmm/CoordinatorBehaviorExample,2219,2708,0,9.5,1.5,8.0,159.0
harjot-oberai/MusicDNA,1961,2707,2,3.0,1.0,1.0,52240.0
oguzbilgener/CircularFloatingActionMenu,2611,2706,0,6.0,1.0,3.0,1850.0
bastillion-io/Bastillion,3139,2705,11,5.0,1.0,0.5,5686.0
awaitility/awaitility,4251,2705,0,1.0,1.0,0.0,5033.0
android/user-interface-samples,737,2704,1,3.0,1.0,0.0,5891.0
AbrahamCaiJin/CommonUtilLibrary,1598,2704,0,3.0,1.0,1.0,16523.0
tyzlmjj/PagerBottomTabStrip,2212,2700,12,5.0,1.5,1.0,3171.0
jfeinstein10/JazzyViewPager,3145,2693,0,1.0,1.0,0.0,619.0
lizhangqu/CoreLink,2327,2693,0,,,,0.0
sockeqwe/AdapterDelegates,2237,2692,16,3.0,1.0,0.0,2455.0
jMonkeyEngine/jmonkeyengine,2733,2691,38,3.0,1.0,0.0,190336.0
jtablesaw/tablesaw,2081,2690,74,4.0,1.0,1.0,45758.0
mmin18/RealtimeBlurView,1817,2683,0,4.0,1.0,0.0,676.0
amitshekhariitbhu/awesome-android-complete-reference,1915,2680,0,3.0,1.0,4.5,64.0
spring-projects/spring-authorization-server,544,2677,7,6.0,1.0,1.0,17533.0
JohnPersano/SuperToasts,3023,2676,5,3.0,1.0,0.0,2483.0
flavioarfaria/KenBurnsView,2734,2676,4,4.0,2.0,1.0,471.0
MindorksOpenSource/android-mvvm-architecture,1528,2672,0,4.0,1.0,1.0,3077.0
glomadrian/Grav,1625,2670,0,4.0,1.0,0.0,1171.0
Dimezis/BlurView,1970,2663,22,3.0,1.0,2.5,687.0
Hitomis/transferee,1697,2662,8,3.0,1.0,1.0,7505.0
Malinskiy/SuperRecyclerView,2467,2658,7,2.0,1.0,0.0,2769.0
chanjarster/weixin-java-tools,2582,2656,21,3.0,1.0,1.0,12011.0
Todd-Davies/ProgressWheel,3508,2652,3,4.0,1.0,2.0,499.0
qii/weiciyuan,3335,2650,0,4.0,1.0,0.0,58530.0
apache/calcite,2636,2650,0,6.0,1.0,1.0,303719.0
spring-io/initializr,3019,2649,9,4.0,1.0,1.0,27712.0
brianway/springmvc-mybatis-learning,2012,2649,0,3.0,1.0,9.0,5382.0
killme2008/aviatorscript,3820,2647,44,3.5,1.0,1.0,35945.0
google/hover,2099,2647,0,3.0,1.0,0.0,6176.0
aritraroy/PatternLockView,1630,2646,0,3.0,1.0,1.0,1684.0
500px/500px-android-blur,2375,2644,0,2.5,2.0,0.0,235.0
lbryio/lbry-android,1491,2642,84,3.0,1.0,0.0,32320.0
supertokens/supertokens-core,616,2640,0,7.0,1.0,3.0,20203.0
chennaione/sugar,3684,2639,6,2.0,1.0,1.0,6284.0
RipMeApp/ripme,1710,2636,126,4.0,2.0,3.0,19704.0
halirutan/IntelliJ-Key-Promoter-X,1507,2636,16,5.0,1.0,0.0,944.0
phodal/migration,613,2631,0,1.0,1.0,0.0,101.0
SimonVT/android-menudrawer,3298,2629,0,4.0,1.0,0.0,4667.0
beworker/pinned-section-listview,3045,2627,5,2.5,1.0,1.0,698.0
EverythingMe/overscroll-decor,2121,2626,0,3.0,1.0,1.0,2312.0
jprante/elasticsearch-jdbc,3389,2835,19,3.0,1.0,1.0,8057.0
apollographql/apollo-android,1810,2831,69,3.0,1.0,0.0,78698.0
MisterBooo/LeetCodeAnimation,1011,66840,0,1.0,1.0,0.0,265.0
awangdev/LintCode,2332,4137,0,,,,