file,class,method,constructor,line,cbo,cboModified,fanin,fanout,wmc,rfc,loc,returnsQty,variablesQty,parametersQty,methodsInvokedQty,methodsInvokedLocalQty,methodsInvokedIndirectLocalQty,loopQty,comparisonsQty,tryCatchQty,parenthesizedExpsQty,stringLiteralsQty,numbersQty,assignmentsQty,mathOperationsQty,maxNestedBlocksQty,anonymousClassesQty,innerClassesQty,lambdasQty,uniqueWordsQty,modifiers,logStatementsQty,hasJavaDoc
C:\www\pessoal\lab-medicao-experiment-software\lab-02\lab-02\lab-02\repositorios\SuperCalendar\calendar\src\main\java\com\ldf\calendar\view\Day.java,com.ldf.calendar.view.Day$Anonymous1,newArray/1[int],false,86,2,0,0,0,1,0,3,1,0,1,0,0,0,0,0,0,0,0,0,0,0,0,0,0,0,3,1,0,false
C:\www\pessoal\lab-medicao-experiment-software\lab-02\lab-02\lab-02\repositorios\SuperCalendar\calendar\src\main\java\com\ldf\calendar\view\Day.java,com.ldf.calendar.view.Day$Anonymous1,createFromParcel/1[Parcel],false,81,2,0,0,0,1,0,3,1,0,1,0,0,0,0,0,0,0,0,0,0,0,0,0,0,0,5,1,0,false
C:\www\pessoal\lab-medicao-experiment-software\lab-02\lab-02\lab-02\repositorios\SuperCalendar\calendar\src\test\java\com\ldf\mi\calendar\micalendar\ExampleUnitTest.java,com.ldf.mi.calendar.micalendar.ExampleUnitTest,addition_isCorrect/0,false,12,1,0,0,0,1,1,3,0,0,0,1,0,0,0,0,0,0,0,3,0,1,0,0,0,0,6,1,0,false
C:\www\pessoal\lab-medicao-experiment-software\lab-02\lab-02\lab-02\repositorios\SuperCalendar\calendar\src\main\java\com\ldf\calendar\Utils.java,com.ldf.calendar.Utils$Anonymous1,run/0,false,295,1,1,0,1,2,7,9,0,1,0,7,0,0,0,0,0,0,0,0,1,1,1,0,0,0,5,1,0,false
C:\www\pessoal\lab-medicao-experiment-software\lab-02\lab-02\lab-02\repositorios\SuperCalendar\example\src\main\java\com\hqyxjy\ldf\supercalendar\ThemeDayView.java,com.hqyxjy.ldf.supercalendar.ThemeDayView,"ThemeDayView/2[com.hqyxjy.ldf.supercalendar.Context,int]",true,30,3,2,2,0,1,1,8,0,0,2,1,0,0,0,0,0,0,0,0,5,0,0,0,0,0,28,1,0,true
C:\www\pessoal\lab-medicao-experiment-software\lab-02\lab-02\lab-02\repositorios\SuperCalendar\example\src\main\java\com\hqyxjy\ldf\supercalendar\ThemeDayView.java,com.hqyxjy.ldf.supercalendar.ThemeDayView,refreshContent/0,false,40,3,3,0,3,4,6,21,0,2,0,6,0,0,0,2,0,0,2,0,2,1,2,0,0,0,18,1,0,false
C:\www\pessoal\lab-medicao-experiment-software\lab-02\lab-02\lab-02\repositorios\SuperCalendar\example\src\main\java\com\hqyxjy\ldf\supercalendar\ThemeDayView.java,com.hqyxjy.ldf.supercalendar.ThemeDayView,copy/0,false,61,2,1,0,1,1,0,3,1,0,0,0,0,0,0,0,0,0,0,0,0,0,0,0,0,0,6,1,0,false
C:\www\pessoal\lab-medicao-experiment-software\lab-02\lab-02\lab-02\repositorios\SuperCalendar\calendar\src\main\java\com\ldf\calendar\interf\OnSelectDateListener.java,com.ldf.calendar.interf.OnSelectDateListener,onSelectDate/1[com.ldf.calendar.model.CalendarDate],false,10,1,1,1,0,1,0,1,0,0,1,0,0,0,0,0,0,0,0,0,0,0,0,0,0,0,5,0,0,false
C:\www\pessoal\lab-medicao-experiment-software\lab-02\lab-02\lab-02\repositorios\SuperCalendar\calendar\src\main\java\com\ldf\calendar\interf\OnSelectDateListener.java,com.ldf.calendar.interf.OnSelectDateListener,onSelectOtherMonth/1[int],false,12,0,1,1,0,1,0,1,0,0,1,0,0,0,0,0,0,0,0,0,0,0,0,0,0,0,5,0,0,false
C:\www\pessoal\lab-medicao-experiment-software\lab-02\lab-02\lab-02\repositorios\SuperCalendar\calendar\src\main\java\com\ldf\calendar\component\CalendarRenderer.java,com.ldf.calendar.component.CalendarRenderer,getFirstDate/0,false,149,3,2,1,1,1,1,5,1,2,0,1,0,0,0,0,0,0,0,2,2,0,0,0,0,0,8,1,0,false
C:\www\pessoal\lab-medicao-experiment-software\lab-02\lab-02\lab-02\repositorios\SuperCalendar\calendar\src\main\java\com\ldf\calendar\component\CalendarRenderer.java,com.ldf.calendar.component.CalendarRenderer,setAttr/1[com.ldf.calendar.component.CalendarAttr],false,310,1,2,2,0,1,0,3,0,0,1,0,0,0,0,0,0,0,0,0,1,0,0,0,0,0,4,1,0,false
C:\www\pessoal\lab-medicao-experiment-software\lab-02\lab-02\lab-02\repositorios\SuperCalendar\calendar\src\main\java\com\ldf\calendar\component\CalendarRenderer.java,com.ldf.calendar.component.CalendarRenderer,update/0,false,263,1,3,2,1,1,2,4,0,0,0,2,1,3,0,0,0,0,0,0,0,0,0,0,0,0,3,1,0,false
C:\www\pessoal\lab-medicao-experiment-software\lab-02\lab-02\lab-02\repositorios\SuperCalendar\calendar\src\main\java\com\ldf\calendar\component\CalendarRenderer.java,com.ldf.calendar.component.CalendarRenderer,"CalendarRenderer/3[com.ldf.calendar.view.Calendar,com.ldf.calendar.component.CalendarAttr,com.ldf.calendar.component.Context]",true,31,3,1,1,0,1,0,5,0,0,3,0,0,0,0,0,0,0,0,0,3,0,0,0,0,0,5,1,0,false
C:\www\pessoal\lab-medicao-experiment-software\lab-02\lab-02\lab-02\repositorios\SuperCalendar\calendar\src\main\java\com\ldf\calendar\component\CalendarRenderer.java,com.ldf.calendar.component.CalendarRenderer,getCalendar/0,false,298,1,0,0,0,1,0,3,1,0,0,0,0,0,0,0,0,0,0,0,0,0,0,0,0,0,3,1,0,false
C:\www\pessoal\lab-medicao-experiment-software\lab-02\lab-02\lab-02\repositorios\SuperCalendar\calendar\src\main\java\com\ldf\calendar\component\CalendarRenderer.java,com.ldf.calendar.component.CalendarRenderer,setContext/1[com.ldf.calendar.component.Context],false,318,1,0,0,0,1,0,3,0,0,1,0,0,0,0,0,0,0,0,0,1,0,0,0,0,0,3,1,0,false
C:\www\pessoal\lab-medicao-experiment-software\lab-02\lab-02\lab-02\repositorios\SuperCalendar\calendar\src\main\java\com\ldf\calendar\component\CalendarRenderer.java,com.ldf.calendar.component.CalendarRenderer,getSelectedRowIndex/0,false,290,0,1,1,0,1,0,3,1,0,0,0,0,0,0,0,0,0,0,0,0,0,0,0,0,0,5,1,0,false
C:\www\pessoal\lab-medicao-experiment-software\lab-02\lab-02\lab-02\repositorios\SuperCalendar\calendar\src\main\java\com\ldf\calendar\component\CalendarRenderer.java,com.ldf.calendar.component.CalendarRenderer,"fillCurrentMonthDate/3[int,int,int]",false,185,4,8,1,7,6,5,27,0,1,3,5,0,0,0,2,0,0,0,0,5,0,2,0,0,0,16,2,0,false
C:\www\pessoal\lab-medicao-experiment-software\lab-02\lab-02\lab-02\repositorios\SuperCalendar\calendar\src\main\java\com\ldf\calendar\component\CalendarRenderer.java,com.ldf.calendar.component.CalendarRenderer,setSelectedRowIndex/1[int],false,294,0,1,1,0,1,0,3,0,0,1,0,0,0,0,0,0,0,0,0,1,0,0,0,0,0,5,1,0,false
C:\www\pessoal\lab-medicao-experiment-software\lab-02\lab-02\lab-02\repositorios\SuperCalendar\calendar\src\main\java\com\ldf\calendar\component\CalendarRenderer.java,com.ldf.calendar.component.CalendarRenderer,showDate/1[com.ldf.calendar.model.CalendarDate],false,254,2,3,1,2,2,1,9,0,0,1,1,1,4,0,1,0,0,0,0,2,0,1,0,0,0,6,1,0,true
C:\www\pessoal\lab-medicao-experiment-software\lab-02\lab-02\lab-02\repositorios\SuperCalendar\calendar\src\main\java\com\ldf\calendar\component\CalendarRenderer.java,com.ldf.calendar.component.CalendarRenderer,"instantiateNextMonth/5[int,int,int,int,int]",false,214,3,6,1,5,3,2,13,0,1,5,2,0,0,0,2,0,0,0,2,3,3,1,0,0,0,14,2,0,false
C:\www\pessoal\lab-medicao-experiment-software\lab-02\lab-02\lab-02\repositorios\SuperCalendar\calendar\src\main\java\com\ldf\calendar\component\CalendarRenderer.java,com.ldf.calendar.component.CalendarRenderer,setCalendar/1[com.ldf.calendar.view.Calendar],false,302,1,0,0,0,1,0,3,0,0,1,0,0,0,0,0,0,0,0,0,1,0,0,0,0,0,3,1,0,false
C:\www\pessoal\lab-medicao-experiment-software\lab-02\lab-02\lab-02\repositorios\SuperCalendar\calendar\src\main\java\com\ldf\calendar\component\CalendarRenderer.java,com.ldf.calendar.component.CalendarRenderer,cancelSelectState/0,false,272,2,4,1,3,5,3,13,0,2,0,3,1,1,2,2,0,0,0,2,2,0,4,0,0,0,10,1,0,false
C:\www\pessoal\lab-medicao-experiment-software\lab-02\lab-02\lab-02\repositorios\SuperCalendar\calendar\src\main\java\com\ldf\calendar\component\CalendarRenderer.java,com.ldf.calendar.component.CalendarRenderer,getLastDate/0,false,155,3,2,1,1,1,1,5,1,2,0,1,0,0,0,0,0,0,0,2,2,2,0,0,0,0,8,1,0,false
C:\www\pessoal\lab-medicao-experiment-software\lab-02\lab-02\lab-02\repositorios\SuperCalendar\calendar\src\main\java\com\ldf\calendar\component\CalendarRenderer.java,com.ldf.calendar.component.CalendarRenderer,setDayRenderer/1[com.ldf.calendar.interf.IDayRenderer],false,326,1,1,1,0,1,0,3,0,0,1,0,0,0,0,0,0,0,0,0,1,0,0,0,0,0,5,1,0,false
C:\www\pessoal\lab-medicao-experiment-software\lab-02\lab-02\lab-02\repositorios\SuperCalendar\calendar\src\main\java\com\ldf\calendar\component\CalendarRenderer.java,com.ldf.calendar.component.CalendarRenderer,"fillWeek/5[int,int,int,int,int]",false,170,1,4,1,3,6,3,16,1,2,5,3,3,1,1,0,0,0,0,1,2,4,2,0,0,0,16,2,0,true
C:\www\pessoal\lab-medicao-experiment-software\lab-02\lab-02\lab-02\repositorios\SuperCalendar\calendar\src\main\java\com\ldf\calendar\component\CalendarRenderer.java,com.ldf.calendar.component.CalendarRenderer,"onClickDate/2[int,int]",false,59,4,8,1,7,8,7,33,1,0,2,7,0,0,0,5,0,0,0,2,6,0,3,0,0,0,8,1,0,true
C:\www\pessoal\lab-medicao-experiment-software\lab-02\lab-02\lab-02\repositorios\SuperCalendar\calendar\src\main\java\com\ldf\calendar\component\CalendarRenderer.java,com.ldf.calendar.component.CalendarRenderer,resetSelectedRowIndex/0,false,286,0,2,2,0,1,0,3,0,0,0,0,0,0,0,0,0,0,0,1,1,0,0,0,0,0,5,1,0,false
C:\www\pessoal\lab-medicao-experiment-software\lab-02\lab-02\lab-02\repositorios\SuperCalendar\calendar\src\main\java\com\ldf\calendar\component\CalendarRenderer.java,com.ldf.calendar.component.CalendarRenderer,getContext/0,false,314,1,0,0,0,1,0,3,1,0,0,0,0,0,0,0,0,0,0,0,0,0,0,0,0,0,3,1,0,false
C:\www\pessoal\lab-medicao-experiment-software\lab-02\lab-02\lab-02\repositorios\SuperCalendar\calendar\src\main\java\com\ldf\calendar\component\CalendarRenderer.java,com.ldf.calendar.component.CalendarRenderer,draw/1[com.ldf.calendar.component.Canvas],false,42,2,2,1,1,5,1,11,0,2,1,1,0,0,2,2,0,0,0,2,2,0,4,0,0,0,6,1,0,true
C:\www\pessoal\lab-medicao-experiment-software\lab-02\lab-02\lab-02\repositorios\SuperCalendar\calendar\src\main\java\com\ldf\calendar\component\CalendarRenderer.java,com.ldf.calendar.component.CalendarRenderer,getSeedDate/0,false,268,1,1,1,0,1,0,3,1,0,0,0,0,0,0,0,0,0,0,0,0,0,0,0,0,0,4,1,0,false
C:\www\pessoal\lab-medicao-experiment-software\lab-02\lab-02\lab-02\repositorios\SuperCalendar\calendar\src\main\java\com\ldf\calendar\component\CalendarRenderer.java,com.ldf.calendar.component.CalendarRenderer,instantiateMonth/0,false,134,3,5,1,4,2,5,10,0,5,0,5,1,2,1,0,0,0,2,3,6,2,1,0,0,0,12,2,0,true
C:\www\pessoal\lab-medicao-experiment-software\lab-02\lab-02\lab-02\repositorios\SuperCalendar\calendar\src\main\java\com\ldf\calendar\component\CalendarRenderer.java,com.ldf.calendar.component.CalendarRenderer,getAttr/0,false,306,1,0,0,0,1,0,3,1,0,0,0,0,0,0,0,0,0,0,0,0,0,0,0,0,0,4,1,0,false
C:\www\pessoal\lab-medicao-experiment-software\lab-02\lab-02\lab-02\repositorios\SuperCalendar\calendar\src\main\java\com\ldf\calendar\component\CalendarRenderer.java,com.ldf.calendar.component.CalendarRenderer,"instantiateLastMonth/5[int,int,int,int,int]",false,233,3,6,1,5,3,2,13,0,1,5,2,0,0,0,2,0,1,0,2,3,3,1,0,0,0,12,2,0,false
C:\www\pessoal\lab-medicao-experiment-software\lab-02\lab-02\lab-02\repositorios\SuperCalendar\calendar\src\main\java\com\ldf\calendar\component\CalendarRenderer.java,com.ldf.calendar.component.CalendarRenderer,setOnSelectDateListener/1[com.ldf.calendar.interf.OnSelectDateListener],false,322,1,1,1,0,1,0,3,0,0,1,0,0,0,0,0,0,0,0,0,1,0,0,0,0,0,6,1,0,false
C:\www\pessoal\lab-medicao-experiment-software\lab-02\lab-02\lab-02\repositorios\SuperCalendar\calendar\src\main\java\com\ldf\calendar\component\CalendarRenderer.java,com.ldf.calendar.component.CalendarRenderer,updateWeek/1[int],false,97,6,11,1,10,7,8,35,0,4,1,8,0,0,1,3,0,0,0,2,8,1,3,0,0,0,14,1,0,true
C:\www\pessoal\lab-medicao-experiment-software\lab-02\lab-02\lab-02\repositorios\SuperCalendar\calendar\src\main\java\com\ldf\calendar\behavior\MonthPagerBehavior.java,com.ldf.calendar.behavior.MonthPagerBehavior,"onInterceptTouchEvent/3[com.ldf.calendar.behavior.CoordinatorLayout,com.ldf.calendar.view.MonthPager,com.ldf.calendar.behavior.MotionEvent]",false,129,4,1,0,1,9,5,26,4,0,3,5,0,0,0,0,0,0,0,2,6,2,2,0,0,0,17,1,0,false
C:\www\pessoal\lab-medicao-experiment-software\lab-02\lab-02\lab-02\repositorios\SuperCalendar\calendar\src\main\java\com\ldf\calendar\behavior\MonthPagerBehavior.java,com.ldf.calendar.behavior.MonthPagerBehavior,"onDependentViewChanged/3[com.ldf.calendar.behavior.CoordinatorLayout,com.ldf.calendar.view.MonthPager,com.ldf.calendar.behavior.View]",false,160,5,7,0,7,16,11,40,1,3,3,11,0,0,0,1,0,0,2,7,9,10,2,0,0,0,20,1,0,false
C:\www\pessoal\lab-medicao-experiment-software\lab-02\lab-02\lab-02\repositorios\SuperCalendar\calendar\src\main\java\com\ldf\calendar\behavior\MonthPagerBehavior.java,com.ldf.calendar.behavior.MonthPagerBehavior,"onTouchEvent/3[com.ldf.calendar.behavior.CoordinatorLayout,com.ldf.calendar.view.MonthPager,com.ldf.calendar.behavior.MotionEvent]",false,39,7,11,0,11,17,15,74,6,1,3,15,1,1,0,1,0,8,0,14,9,15,4,0,0,0,24,1,0,false
C:\www\pessoal\lab-medicao-experiment-software\lab-02\lab-02\lab-02\repositorios\SuperCalendar\calendar\src\main\java\com\ldf\calendar\behavior\MonthPagerBehavior.java,com.ldf.calendar.behavior.MonthPagerBehavior,"onLayoutChild/3[com.ldf.calendar.behavior.CoordinatorLayout,com.ldf.calendar.view.MonthPager,int]",false,28,2,0,0,0,1,2,5,1,0,3,2,0,0,0,0,0,0,0,0,0,0,0,0,0,0,8,1,0,false
C:\www\pessoal\lab-medicao-experiment-software\lab-02\lab-02\lab-02\repositorios\SuperCalendar\calendar\src\main\java\com\ldf\calendar\behavior\MonthPagerBehavior.java,com.ldf.calendar.behavior.MonthPagerBehavior,saveTop/1[int],false,124,1,2,1,1,1,1,3,0,0,1,1,0,0,0,0,0,0,0,0,0,0,0,0,0,0,3,2,0,false
C:\www\pessoal\lab-medicao-experiment-software\lab-02\lab-02\lab-02\repositorios\SuperCalendar\calendar\src\main\java\com\ldf\calendar\behavior\MonthPagerBehavior.java,com.ldf.calendar.behavior.MonthPagerBehavior,"layoutDependsOn/3[com.ldf.calendar.behavior.CoordinatorLayout,com.ldf.calendar.view.MonthPager,com.ldf.calendar.behavior.View]",false,23,4,0,0,0,1,0,3,1,0,3,0,0,0,0,0,0,0,0,0,0,0,0,0,0,0,8,1,0,false
C:\www\pessoal\lab-medicao-experiment-software\lab-02\lab-02\lab-02\repositorios\SuperCalendar\example\src\test\java\com\hqyxjy\ldf\supercalendar\ExampleUnitTest.java,com.hqyxjy.ldf.supercalendar.ExampleUnitTest,addition_isCorrect/0,false,14,1,0,0,0,1,1,3,0,0,0,1,0,0,0,0,0,0,0,3,0,1,0,0,0,0,6,1,0,false
C:\www\pessoal\lab-medicao-experiment-software\lab-02\lab-02\lab-02\repositorios\SuperCalendar\calendar\src\main\java\com\ldf\calendar\view\MonthPager.java,com.ldf.calendar.view.MonthPager$OnPageChangeListener,"onPageScrolled/3[int,float,int]",false,115,0,1,1,0,1,0,1,0,0,3,0,0,0,0,0,0,0,0,0,0,0,0,0,0,0,6,0,0,false
C:\www\pessoal\lab-medicao-experiment-software\lab-02\lab-02\lab-02\repositorios\SuperCalendar\calendar\src\main\java\com\ldf\calendar\view\MonthPager.java,com.ldf.calendar.view.MonthPager$OnPageChangeListener,onPageScrollStateChanged/1[int],false,119,0,1,1,0,1,0,1,0,0,1,0,0,0,0,0,0,0,0,0,0,0,0,0,0,0,6,0,0,false
C:\www\pessoal\lab-medicao-experiment-software\lab-02\lab-02\lab-02\repositorios\SuperCalendar\calendar\src\main\java\com\ldf\calendar\view\MonthPager.java,com.ldf.calendar.view.MonthPager$OnPageChangeListener,onPageSelected/1[int],false,117,0,1,1,0,1,0,1,0,0,1,0,0,0,0,0,0,0,0,0,0,0,0,0,0,0,4,0,0,false
C:\www\pessoal\lab-medicao-experiment-software\lab-02\lab-02\lab-02\repositorios\SuperCalendar\calendar\src\main\java\com\ldf\calendar\behavior\RecyclerViewBehavior.java,com.ldf.calendar.behavior.RecyclerViewBehavior,"onNestedPreScroll/6[com.ldf.calendar.behavior.CoordinatorLayout,com.ldf.calendar.behavior.RecyclerView,com.ldf.calendar.behavior.View,int,int,int[]]",false,67,7,4,0,4,8,15,18,1,1,6,15,2,1,0,1,0,0,5,6,5,0,1,0,0,0,20,1,0,false
C:\www\pessoal\lab-medicao-experiment-software\lab-02\lab-02\lab-02\repositorios\SuperCalendar\calendar\src\main\java\com\ldf\calendar\behavior\RecyclerViewBehavior.java,com.ldf.calendar.behavior.RecyclerViewBehavior,"onNestedFling/6[com.ldf.calendar.behavior.CoordinatorLayout,com.ldf.calendar.behavior.RecyclerView,com.ldf.calendar.behavior.View,float,float,boolean]",false,116,3,0,0,0,1,2,4,1,0,6,2,0,0,0,0,0,0,2,0,0,1,0,0,0,0,8,1,0,false
C:\www\pessoal\lab-medicao-experiment-software\lab-02\lab-02\lab-02\repositorios\SuperCalendar\calendar\src\main\java\com\ldf\calendar\behavior\RecyclerViewBehavior.java,com.ldf.calendar.behavior.RecyclerViewBehavior,"onStopNestedScroll/3[com.ldf.calendar.behavior.CoordinatorLayout,com.ldf.calendar.behavior.RecyclerView,com.ldf.calendar.behavior.View]",false,95,6,6,0,6,6,11,22,0,1,3,11,1,1,0,0,0,0,2,5,1,2,2,0,0,0,21,1,0,false
C:\www\pessoal\lab-medicao-experiment-software\lab-02\lab-02\lab-02\repositorios\SuperCalendar\calendar\src\main\java\com\ldf\calendar\behavior\RecyclerViewBehavior.java,com.ldf.calendar.behavior.RecyclerViewBehavior,getMonthPager/1[com.ldf.calendar.behavior.CoordinatorLayout],false,131,2,4,4,0,1,1,3,1,0,1,1,0,0,0,0,0,0,0,1,0,0,0,0,0,0,6,2,0,false
C:\www\pessoal\lab-medicao-experiment-software\lab-02\lab-02\lab-02\repositorios\SuperCalendar\calendar\src\main\java\com\ldf\calendar\behavior\RecyclerViewBehavior.java,com.ldf.calendar.behavior.RecyclerViewBehavior,"onLayoutChild/3[com.ldf.calendar.behavior.CoordinatorLayout,com.ldf.calendar.behavior.RecyclerView,int]",false,30,4,2,0,2,1,3,6,1,1,3,3,2,2,0,0,0,0,0,0,1,0,0,0,0,0,17,1,0,false
C:\www\pessoal\lab-medicao-experiment-software\lab-02\lab-02\lab-02\repositorios\SuperCalendar\calendar\src\main\java\com\ldf\calendar\behavior\RecyclerViewBehavior.java,com.ldf.calendar.behavior.RecyclerViewBehavior,"RecyclerViewBehavior/2[com.ldf.calendar.behavior.Context,com.ldf.calendar.behavior.AttributeSet]",true,24,2,0,0,0,1,0,4,0,0,2,0,0,0,0,0,0,0,0,0,1,0,0,0,0,0,6,1,0,false
C:\www\pessoal\lab-medicao-experiment-software\lab-02\lab-02\lab-02\repositorios\SuperCalendar\calendar\src\main\java\com\ldf\calendar\behavior\RecyclerViewBehavior.java,com.ldf.calendar.behavior.RecyclerViewBehavior,"onNestedPreFling/5[com.ldf.calendar.behavior.CoordinatorLayout,com.ldf.calendar.behavior.RecyclerView,com.ldf.calendar.behavior.View,float,float]",false,122,3,0,0,0,3,0,8,2,0,5,0,0,0,0,0,0,0,0,0,0,0,1,0,0,0,13,1,0,false
C:\www\pessoal\lab-medicao-experiment-software\lab-02\lab-02\lab-02\repositorios\SuperCalendar\calendar\src\main\java\com\ldf\calendar\behavior\RecyclerViewBehavior.java,com.ldf.calendar.behavior.RecyclerViewBehavior,"initMinOffsetAndInitOffset/3[com.ldf.calendar.behavior.CoordinatorLayout,com.ldf.calendar.behavior.RecyclerView,com.ldf.calendar.view.MonthPager]",false,39,5,5,1,4,4,7,13,0,0,3,7,2,1,0,1,0,0,0,2,4,0,1,0,0,0,17,2,0,false
C:\www\pessoal\lab-medicao-experiment-software\lab-02\lab-02\lab-02\repositorios\SuperCalendar\calendar\src\main\java\com\ldf\calendar\behavior\RecyclerViewBehavior.java,com.ldf.calendar.behavior.RecyclerViewBehavior,saveTop/1[int],false,135,1,5,2,3,3,3,9,0,0,1,3,0,0,0,2,0,0,0,0,0,0,1,0,0,0,8,2,0,false
C:\www\pessoal\lab-medicao-experiment-software\lab-02\lab-02\lab-02\repositorios\SuperCalendar\calendar\src\main\java\com\ldf\calendar\behavior\RecyclerViewBehavior.java,com.ldf.calendar.behavior.RecyclerViewBehavior,"onStartNestedScroll/5[com.ldf.calendar.behavior.CoordinatorLayout,com.ldf.calendar.behavior.RecyclerView,com.ldf.calendar.behavior.View,com.ldf.calendar.behavior.View,int]",false,55,4,1,0,1,2,3,7,1,2,5,3,0,0,0,1,0,1,2,2,2,0,0,0,0,0,14,1,0,false
C:\www\pessoal\lab-medicao-experiment-software\lab-02\lab-02\lab-02\repositorios\SuperCalendar\calendar\src\main\java\com\ldf\calendar\view\Week.java,com.ldf.calendar.view.Week,getRow/0,false,20,0,0,0,0,1,0,3,1,0,0,0,0,0,0,0,0,0,0,0,0,0,0,0,0,0,3,1,0,false
C:\www\pessoal\lab-medicao-experiment-software\lab-02\lab-02\lab-02\repositorios\SuperCalendar\calendar\src\main\java\com\ldf\calendar\view\Week.java,com.ldf.calendar.view.Week,Week/1[int],true,16,0,4,4,0,1,0,3,0,0,1,0,0,0,0,0,0,0,0,0,1,0,0,0,0,0,2,1,0,false
C:\www\pessoal\lab-medicao-experiment-software\lab-02\lab-02\lab-02\repositorios\SuperCalendar\calendar\src\main\java\com\ldf\calendar\view\Week.java,com.ldf.calendar.view.Week,setDays/1[com.ldf.calendar.view.Day[]],false,32,1,0,0,0,1,0,3,0,0,1,0,0,0,0,0,0,0,0,0,1,0,0,0,0,0,3,1,0,false
C:\www\pessoal\lab-medicao-experiment-software\lab-02\lab-02\lab-02\repositorios\SuperCalendar\calendar\src\main\java\com\ldf\calendar\view\Week.java,com.ldf.calendar.view.Week,setRow/1[int],false,24,0,0,0,0,1,0,3,0,0,1,0,0,0,0,0,0,0,0,0,1,0,0,0,0,0,3,1,0,false
C:\www\pessoal\lab-medicao-experiment-software\lab-02\lab-02\lab-02\repositorios\SuperCalendar\calendar\src\main\java\com\ldf\calendar\view\Week.java,com.ldf.calendar.view.Week,getDays/0,false,28,1,0,0,0,1,0,3,1,0,0,0,0,0,0,0,0,0,0,0,0,0,0,0,0,0,3,1,0,false
C:\www\pessoal\lab-medicao-experiment-software\lab-02\lab-02\lab-02\repositorios\SuperCalendar\example\src\androidTest\java\com\hqyxjy\ldf\supercalendar\ExampleInstrumentedTest.java,com.hqyxjy.ldf.supercalendar.ExampleInstrumentedTest,useAppContext/0,false,20,2,0,0,0,1,3,4,0,1,0,3,0,0,0,0,0,0,1,0,1,0,0,0,0,0,7,1,0,false
C:\www\pessoal\lab-medicao-experiment-software\lab-02\lab-02\lab-02\repositorios\SuperCalendar\calendar\src\main\java\com\ldf\calendar\component\CalendarAttr.java,com.ldf.calendar.component.CalendarAttr,getCellHeight/0,false,46,0,0,0,0,1,0,3,1,0,0,0,0,0,0,0,0,0,0,0,0,0,0,0,0,0,4,1,0,false
C:\www\pessoal\lab-medicao-experiment-software\lab-02\lab-02\lab-02\repositorios\SuperCalendar\calendar\src\main\java\com\ldf\calendar\component\CalendarAttr.java,com.ldf.calendar.component.CalendarAttr,getCalendarType/0,false,38,1,2,2,0,1,0,3,1,0,0,0,0,0,0,0,0,0,0,0,0,0,0,0,0,0,4,1,0,false
C:\www\pessoal\lab-medicao-experiment-software\lab-02\lab-02\lab-02\repositorios\SuperCalendar\calendar\src\main\java\com\ldf\calendar\component\CalendarAttr.java,com.ldf.calendar.component.CalendarAttr,setCellWidth/1[int],false,58,0,1,1,0,1,0,3,0,0,1,0,0,0,0,0,0,0,0,0,1,0,0,0,0,0,4,1,0,false
C:\www\pessoal\lab-medicao-experiment-software\lab-02\lab-02\lab-02\repositorios\SuperCalendar\calendar\src\main\java\com\ldf\calendar\component\CalendarAttr.java,com.ldf.calendar.component.CalendarAttr,setWeekArrayType/1[com.ldf.calendar.component.CalendarAttr.WeekArrayType],false,34,1,1,1,0,1,0,3,0,0,1,0,0,0,0,0,0,0,0,0,1,0,0,0,0,0,5,1,0,false
C:\www\pessoal\lab-medicao-experiment-software\lab-02\lab-02\lab-02\repositorios\SuperCalendar\calendar\src\main\java\com\ldf\calendar\component\CalendarAttr.java,com.ldf.calendar.component.CalendarAttr,getWeekArrayType/0,false,30,1,2,2,0,1,0,3,1,0,0,0,0,0,0,0,0,0,0,0,0,0,0,0,0,0,5,1,0,false
C:\www\pessoal\lab-medicao-experiment-software\lab-02\lab-02\lab-02\repositorios\SuperCalendar\calendar\src\main\java\com\ldf\calendar\component\CalendarAttr.java,com.ldf.calendar.component.CalendarAttr,setCalendarType/1[com.ldf.calendar.component.CalendarAttr.CalendarType],false,42,1,2,2,0,1,0,3,0,0,1,0,0,0,0,0,0,0,0,0,1,0,0,0,0,0,4,1,0,false
C:\www\pessoal\lab-medicao-experiment-software\lab-02\lab-02\lab-02\repositorios\SuperCalendar\calendar\src\main\java\com\ldf\calendar\component\CalendarAttr.java,com.ldf.calendar.component.CalendarAttr,setCellHeight/1[int],false,50,0,1,1,0,1,0,3,0,0,1,0,0,0,0,0,0,0,0,0,1,0,0,0,0,0,4,1,0,false
C:\www\pessoal\lab-medicao-experiment-software\lab-02\lab-02\lab-02\repositorios\SuperCalendar\calendar\src\main\java\com\ldf\calendar\component\CalendarAttr.java,com.ldf.calendar.component.CalendarAttr,getCellWidth/0,false,54,0,0,0,0,1,0,3,1,0,0,0,0,0,0,0,0,0,0,0,0,0,0,0,0,0,4,1,0,false
C:\www\pessoal\lab-medicao-experiment-software\lab-02\lab-02\lab-02\repositorios\SuperCalendar\calendar\src\main\java\com\ldf\calendar\view\Day.java,com.ldf.calendar.view.Day,describeContents/0,false,59,0,0,0,0,1,0,3,1,0,0,0,0,0,0,0,0,0,0,1,0,0,0,0,0,0,2,1,0,false
C:\www\pessoal\lab-medicao-experiment-software\lab-02\lab-02\lab-02\repositorios\SuperCalendar\calendar\src\main\java\com\ldf\calendar\view\Day.java,com.ldf.calendar.view.Day,setDate/1[com.ldf.calendar.model.CalendarDate],false,38,1,4,4,0,1,0,3,0,0,1,0,0,0,0,0,0,0,0,0,1,0,0,0,0,0,4,1,0,false
C:\www\pessoal\lab-medicao-experiment-software\lab-02\lab-02\lab-02\repositorios\SuperCalendar\calendar\src\main\java\com\ldf\calendar\view\Day.java,com.ldf.calendar.view.Day,getPosRow/0,false,42,0,1,1,0,1,0,3,1,0,0,0,0,0,0,0,0,0,0,0,0,0,0,0,0,0,4,1,0,false
C:\www\pessoal\lab-medicao-experiment-software\lab-02\lab-02\lab-02\repositorios\SuperCalendar\calendar\src\main\java\com\ldf\calendar\view\Day.java,com.ldf.calendar.view.Day,getState/0,false,26,1,4,4,0,1,0,3,1,0,0,0,0,0,0,0,0,0,0,0,0,0,0,0,0,0,3,1,0,false
C:\www\pessoal\lab-medicao-experiment-software\lab-02\lab-02\lab-02\repositorios\SuperCalendar\calendar\src\main\java\com\ldf\calendar\view\Day.java,com.ldf.calendar.view.Day,Day/1[com.ldf.calendar.view.Parcel],true,71,3,1,0,1,2,3,7,0,1,1,3,0,0,0,1,0,0,0,1,5,0,0,0,0,0,8,4,0,false
C:\www\pessoal\lab-medicao-experiment-software\lab-02\lab-02\lab-02\repositorios\SuperCalendar\calendar\src\main\java\com\ldf\calendar\view\Day.java,com.ldf.calendar.view.Day,setPosRow/1[int],false,46,0,0,0,0,1,0,3,0,0,1,0,0,0,0,0,0,0,0,0,1,0,0,0,0,0,4,1,0,false
C:\www\pessoal\lab-medicao-experiment-software\lab-02\lab-02\lab-02\repositorios\SuperCalendar\calendar\src\main\java\com\ldf\calendar\view\Day.java,com.ldf.calendar.view.Day,setPosCol/1[int],false,54,0,0,0,0,1,0,3,0,0,1,0,0,0,0,0,0,0,0,0,1,0,0,0,0,0,4,1,0,false
C:\www\pessoal\lab-medicao-experiment-software\lab-02\lab-02\lab-02\repositorios\SuperCalendar\calendar\src\main\java\com\ldf\calendar\view\Day.java,com.ldf.calendar.view.Day,"writeToParcel/2[com.ldf.calendar.view.Parcel,int]",false,64,1,0,0,0,2,3,6,0,0,2,3,0,0,0,1,0,0,0,1,0,0,0,0,0,0,5,1,0,false
C:\www\pessoal\lab-medicao-experiment-software\lab-02\lab-02\lab-02\repositorios\SuperCalendar\calendar\src\main\java\com\ldf\calendar\view\Day.java,com.ldf.calendar.view.Day,getDate/0,false,34,1,5,5,0,1,0,3,1,0,0,0,0,0,0,0,0,0,0,0,0,0,0,0,0,0,4,1,0,false
C:\www\pessoal\lab-medicao-experiment-software\lab-02\lab-02\lab-02\repositorios\SuperCalendar\calendar\src\main\java\com\ldf\calendar\view\Day.java,com.ldf.calendar.view.Day,"Day/4[com.ldf.calendar.component.State,com.ldf.calendar.model.CalendarDate,int,int]",true,19,2,4,4,0,1,0,6,0,0,4,0,0,0,0,0,0,0,0,0,4,0,0,0,0,0,7,1,0,false
C:\www\pessoal\lab-medicao-experiment-software\lab-02\lab-02\lab-02\repositorios\SuperCalendar\calendar\src\main\java\com\ldf\calendar\view\Day.java,com.ldf.calendar.view.Day,setState/1[com.ldf.calendar.component.State],false,30,1,6,6,0,1,0,3,0,0,1,0,0,0,0,0,0,0,0,0,1,0,0,0,0,0,3,1,0,false
C:\www\pessoal\lab-medicao-experiment-software\lab-02\lab-02\lab-02\repositorios\SuperCalendar\calendar\src\main\java\com\ldf\calendar\view\Day.java,com.ldf.calendar.view.Day,getPosCol/0,false,50,0,1,1,0,1,0,3,1,0,0,0,0,0,0,0,0,0,0,0,0,0,0,0,0,0,4,1,0,false
C:\www\pessoal\lab-medicao-experiment-software\lab-02\lab-02\lab-02\repositorios\SuperCalendar\calendar\src\main\java\com\ldf\calendar\component\CalendarViewAdapter.java,com.ldf.calendar.component.CalendarViewAdapter,"init/2[com.ldf.calendar.component.Context,com.ldf.calendar.interf.OnSelectDateListener]",false,51,7,9,1,8,2,5,20,0,3,2,5,1,1,1,0,0,0,0,2,4,0,1,1,0,0,24,2,0,false
C:\www\pessoal\lab-medicao-experiment-software\lab-02\lab-02\lab-02\repositorios\SuperCalendar\calendar\src\main\java\com\ldf\calendar\component\CalendarViewAdapter.java,com.ldf.calendar.component.CalendarViewAdapter,switchToMonth/0,false,162,3,9,3,6,5,8,24,0,6,0,8,0,0,0,3,0,2,0,11,9,6,2,0,0,0,21,1,0,false
C:\www\pessoal\lab-medicao-experiment-software\lab-02\lab-02\lab-02\repositorios\SuperCalendar\calendar\src\main\java\com\ldf\calendar\component\CalendarViewAdapter.java,com.ldf.calendar.component.CalendarViewAdapter,refreshCalendar/0,false,245,3,10,3,7,4,8,39,0,10,0,8,0,0,0,3,0,4,0,16,12,10,2,0,0,0,17,2,0,false
C:\www\pessoal\lab-medicao-experiment-software\lab-02\lab-02\lab-02\repositorios\SuperCalendar\calendar\src\main\java\com\ldf\calendar\component\CalendarViewAdapter.java,com.ldf.calendar.component.CalendarViewAdapter,setCustomDayRenderer/1[com.ldf.calendar.interf.IDayRenderer],false,296,2,4,2,2,1,3,8,0,3,1,3,0,0,0,0,0,0,0,3,3,0,0,0,0,0,10,1,0,true
C:\www\pessoal\lab-medicao-experiment-software\lab-02\lab-02\lab-02\repositorios\SuperCalendar\calendar\src\main\java\com\ldf\calendar\component\CalendarViewAdapter.java,com.ldf.calendar.component.CalendarViewAdapter,loadSelectedDate/0,false,47,1,3,3,0,1,0,3,1,0,0,0,0,0,0,0,0,0,0,0,0,0,0,0,0,0,5,9,0,false
C:\www\pessoal\lab-medicao-experiment-software\lab-02\lab-02\lab-02\repositorios\SuperCalendar\calendar\src\main\java\com\ldf\calendar\component\CalendarViewAdapter.java,com.ldf.calendar.component.CalendarViewAdapter,switchToWeek/1[int],false,190,4,12,3,9,7,11,37,0,6,1,11,0,0,0,5,0,2,0,9,11,6,2,0,0,0,26,1,0,false
C:\www\pessoal\lab-medicao-experiment-software\lab-02\lab-02\lab-02\repositorios\SuperCalendar\calendar\src\main\java\com\ldf\calendar\component\CalendarViewAdapter.java,com.ldf.calendar.component.CalendarViewAdapter,getCount/0,false,114,0,0,0,0,1,0,3,1,0,0,0,0,0,0,0,0,0,0,0,0,0,0,0,0,0,2,1,0,false
C:\www\pessoal\lab-medicao-experiment-software\lab-02\lab-02\lab-02\repositorios\SuperCalendar\calendar\src\main\java\com\ldf\calendar\component\CalendarViewAdapter.java,com.ldf.calendar.component.CalendarViewAdapter,getLastVisibleDate/0,false,136,2,1,0,1,1,2,3,1,0,0,2,0,0,0,0,0,0,0,1,0,1,0,0,0,0,7,1,0,false
C:\www\pessoal\lab-medicao-experiment-software\lab-02\lab-02\lab-02\repositorios\SuperCalendar\calendar\src\main\java\com\ldf\calendar\component\CalendarViewAdapter.java,com.ldf.calendar.component.CalendarViewAdapter,"setMarkData/1[java.util.HashMap<java.lang.String,java.lang.String>]",false,157,2,3,1,2,1,2,4,0,0,1,2,1,2,0,0,0,0,0,0,0,0,0,0,0,0,6,1,0,false
C:\www\pessoal\lab-medicao-experiment-software\lab-02\lab-02\lab-02\repositorios\SuperCalendar\calendar\src\main\java\com\ldf\calendar\component\CalendarViewAdapter.java,com.ldf.calendar.component.CalendarViewAdapter,getPagers/0,false,128,1,3,3,0,1,0,3,1,0,0,0,0,0,0,0,0,0,0,0,0,0,0,0,0,0,3,1,0,false
C:\www\pessoal\lab-medicao-experiment-software\lab-02\lab-02\lab-02\repositorios\SuperCalendar\calendar\src\main\java\com\ldf\calendar\component\CalendarViewAdapter.java,com.ldf.calendar.component.CalendarViewAdapter,invalidateCurrentCalendar/0,false,147,1,4,1,3,3,5,9,0,2,0,5,0,0,1,1,0,0,0,1,2,0,2,0,0,0,7,1,0,false
C:\www\pessoal\lab-medicao-experiment-software\lab-02\lab-02\lab-02\repositorios\SuperCalendar\calendar\src\main\java\com\ldf\calendar\component\CalendarViewAdapter.java,com.ldf.calendar.component.CalendarViewAdapter,setOnCalendarTypeChangedListener/1[com.ldf.calendar.component.CalendarViewAdapter.OnCalendarTypeChanged],false,307,1,1,1,0,1,0,3,0,0,1,0,0,0,0,0,0,0,0,0,1,0,0,0,0,0,7,1,0,false
C:\www\pessoal\lab-medicao-experiment-software\lab-02\lab-02\lab-02\repositorios\SuperCalendar\calendar\src\main\java\com\ldf\calendar\component\CalendarViewAdapter.java,com.ldf.calendar.component.CalendarViewAdapter,"isViewFromObject/2[com.ldf.calendar.component.View,java.lang.Object]",false,119,1,0,0,0,2,0,3,1,0,2,0,0,0,0,1,0,1,0,0,0,0,0,0,0,0,6,1,0,false
C:\www\pessoal\lab-medicao-experiment-software\lab-02\lab-02\lab-02\repositorios\SuperCalendar\calendar\src\main\java\com\ldf\calendar\component\CalendarViewAdapter.java,com.ldf.calendar.component.CalendarViewAdapter,"destroyItem/3[com.ldf.calendar.component.ViewGroup,int,java.lang.Object]",false,124,1,0,0,0,1,1,3,0,0,3,1,0,0,0,0,0,0,0,0,0,0,0,0,0,0,6,1,0,false
C:\www\pessoal\lab-medicao-experiment-software\lab-02\lab-02\lab-02\repositorios\SuperCalendar\calendar\src\main\java\com\ldf\calendar\component\CalendarViewAdapter.java,com.ldf.calendar.component.CalendarViewAdapter,"CalendarViewAdapter/4[com.ldf.calendar.component.Context,com.ldf.calendar.interf.OnSelectDateListener,com.ldf.calendar.component.CalendarAttr.WeekArrayType,com.ldf.calendar.interf.IDayRenderer]",true,36,5,3,1,2,1,2,6,0,0,4,2,2,2,0,0,0,0,0,0,1,0,0,0,0,0,13,1,0,false
C:\www\pessoal\lab-medicao-experiment-software\lab-02\lab-02\lab-02\repositorios\SuperCalendar\calendar\src\main\java\com\ldf\calendar\component\CalendarViewAdapter.java,com.ldf.calendar.component.CalendarViewAdapter,notifyDataChanged/0,false,241,1,2,1,1,1,1,3,0,0,0,1,1,1,0,0,0,0,0,0,0,0,0,0,0,0,5,1,0,false
C:\www\pessoal\lab-medicao-experiment-software\lab-02\lab-02\lab-02\repositorios\SuperCalendar\calendar\src\main\java\com\ldf\calendar\component\CalendarViewAdapter.java,com.ldf.calendar.component.CalendarViewAdapter,"instantiateItem/2[com.ldf.calendar.component.ViewGroup,int]",false,83,4,7,0,7,6,13,32,2,3,2,13,0,0,0,3,0,0,2,5,3,5,2,0,0,0,16,1,0,false
C:\www\pessoal\lab-medicao-experiment-software\lab-02\lab-02\lab-02\repositorios\SuperCalendar\calendar\src\main\java\com\ldf\calendar\component\CalendarViewAdapter.java,com.ldf.calendar.component.CalendarViewAdapter,getFirstVisibleDate/0,false,132,2,1,0,1,1,2,3,1,0,0,2,0,0,0,0,0,0,0,1,0,1,0,0,0,0,7,1,0,false
C:\www\pessoal\lab-medicao-experiment-software\lab-02\lab-02\lab-02\repositorios\SuperCalendar\calendar\src\main\java\com\ldf\calendar\component\CalendarViewAdapter.java,com.ldf.calendar.component.CalendarViewAdapter,getWeekArrayType/0,false,311,1,0,0,0,1,0,3,1,0,0,0,0,0,0,0,0,0,0,0,0,0,0,0,0,0,5,1,0,false
C:\www\pessoal\lab-medicao-experiment-software\lab-02\lab-02\lab-02\repositorios\SuperCalendar\calendar\src\main\java\com\ldf\calendar\component\CalendarViewAdapter.java,com.ldf.calendar.component.CalendarViewAdapter,cancelOtherSelectState/0,false,140,1,2,1,1,2,3,6,0,2,0,3,0,0,1,0,0,0,0,1,2,0,1,0,0,0,7,1,0,false
C:\www\pessoal\lab-medicao-experiment-software\lab-02\lab-02\lab-02\repositorios\SuperCalendar\calendar\src\main\java\com\ldf\calendar\component\CalendarViewAdapter.java,com.ldf.calendar.component.CalendarViewAdapter,notifyDataChanged/1[com.ldf.calendar.model.CalendarDate],false,235,2,5,3,2,1,2,5,0,0,1,2,2,1,0,0,0,0,0,0,1,0,0,0,0,0,10,1,0,false
C:\www\pessoal\lab-medicao-experiment-software\lab-02\lab-02\lab-02\repositorios\SuperCalendar\calendar\src\main\java\com\ldf\calendar\component\CalendarViewAdapter.java,com.ldf.calendar.component.CalendarViewAdapter,saveSelectedDate/1[com.ldf.calendar.model.CalendarDate],false,43,1,3,3,0,1,0,3,0,0,1,0,0,0,0,0,0,0,0,0,1,0,0,0,0,0,6,9,0,false
C:\www\pessoal\lab-medicao-experiment-software\lab-02\lab-02\lab-02\repositorios\SuperCalendar\calendar\src\main\java\com\ldf\calendar\component\CalendarViewAdapter.java,com.ldf.calendar.component.CalendarViewAdapter,getCalendarType/0,false,287,1,1,1,0,1,0,3,1,0,0,0,0,0,0,0,0,0,0,0,0,0,0,0,0,0,4,1,0,false
C:\www\pessoal\lab-medicao-experiment-software\lab-02\lab-02\lab-02\repositorios\SuperCalendar\calendar\src\main\java\com\ldf\calendar\component\CalendarViewAdapter.java,com.ldf.calendar.component.CalendarViewAdapter,notifyMonthDataChanged/1[com.ldf.calendar.model.CalendarDate],false,230,2,1,0,1,1,1,4,0,0,1,1,1,1,0,0,0,0,0,0,1,0,0,0,0,0,9,1,0,false
C:\www\pessoal\lab-medicao-experiment-software\lab-02\lab-02\lab-02\repositorios\SuperCalendar\calendar\src\main\java\com\ldf\calendar\component\CalendarViewAdapter.java,com.ldf.calendar.component.CalendarViewAdapter,"setPrimaryItem/3[com.ldf.calendar.component.ViewGroup,int,java.lang.Object]",false,76,1,0,0,0,1,2,5,0,0,3,2,0,0,0,0,0,0,2,0,1,0,0,0,0,0,7,1,0,false
C:\www\pessoal\lab-medicao-experiment-software\lab-02\lab-02\lab-02\repositorios\SuperCalendar\calendar\src\main\java\com\ldf\calendar\view\DayView.java,com.ldf.calendar.view.DayView,onDetachedFromWindow/0,false,79,1,1,0,1,1,2,4,0,0,0,2,0,0,0,0,0,0,0,0,0,0,0,0,0,0,4,4,0,false
C:\www\pessoal\lab-medicao-experiment-software\lab-02\lab-02\lab-02\repositorios\SuperCalendar\calendar\src\main\java\com\ldf\calendar\view\DayView.java,com.ldf.calendar.view.DayView,"DayView/2[com.ldf.calendar.view.Context,int]",true,31,2,1,0,1,1,1,6,0,0,2,1,1,1,0,0,0,0,0,0,2,0,0,0,0,0,8,1,0,true
C:\www\pessoal\lab-medicao-experiment-software\lab-02\lab-02\lab-02\repositorios\SuperCalendar\calendar\src\main\java\com\ldf\calendar\view\DayView.java,com.ldf.calendar.view.DayView,"getTranslateX/2[com.ldf.calendar.view.Canvas,com.ldf.calendar.view.Day]",false,69,2,2,1,1,1,3,8,1,4,2,3,0,0,0,0,0,1,0,2,4,5,0,0,0,0,11,2,0,false
C:\www\pessoal\lab-medicao-experiment-software\lab-02\lab-02\lab-02\repositorios\SuperCalendar\calendar\src\main\java\com\ldf\calendar\view\DayView.java,com.ldf.calendar.view.DayView,refreshContent/0,false,52,0,1,1,0,1,5,4,0,0,0,5,0,0,0,0,0,0,0,4,0,0,0,0,0,0,4,1,0,false
C:\www\pessoal\lab-medicao-experiment-software\lab-02\lab-02\lab-02\repositorios\SuperCalendar\calendar\src\main\java\com\ldf\calendar\view\DayView.java,com.ldf.calendar.view.DayView,setupLayoutResource/1[int],false,44,1,1,1,0,1,8,5,0,1,1,8,0,0,0,0,0,0,0,4,1,0,0,0,0,0,10,2,0,true
C:\www\pessoal\lab-medicao-experiment-software\lab-02\lab-02\lab-02\repositorios\SuperCalendar\calendar\src\main\java\com\ldf\calendar\view\DayView.java,com.ldf.calendar.view.DayView,"drawDay/2[com.ldf.calendar.view.Canvas,com.ldf.calendar.view.Day]",false,59,3,3,0,3,1,8,8,0,1,2,8,2,1,0,0,0,0,0,0,2,1,0,0,0,0,14,1,0,false
C:\www\pessoal\lab-medicao-experiment-software\lab-02\lab-02\lab-02\repositorios\SuperCalendar\calendar\src\main\java\com\ldf\calendar\view\MonthPager.java,com.ldf.calendar.view.MonthPager,addOnPageChangeListener/1[ViewPager.OnPageChangeListener],false,71,1,1,1,0,2,2,8,0,0,1,2,0,0,0,0,0,0,2,0,0,0,1,0,0,0,11,1,0,false
C:\www\pessoal\lab-medicao-experiment-software\lab-02\lab-02\lab-02\repositorios\SuperCalendar\calendar\src\main\java\com\ldf\calendar\view\MonthPager.java,com.ldf.calendar.view.MonthPager,getTopMovableDistance/0,false,122,2,3,1,2,2,4,8,2,1,0,4,0,0,0,1,0,0,0,1,2,2,1,0,0,0,15,1,0,false
C:\www\pessoal\lab-medicao-experiment-software\lab-02\lab-02\lab-02\repositorios\SuperCalendar\calendar\src\main\java\com\ldf\calendar\view\MonthPager.java,com.ldf.calendar.view.MonthPager,onInterceptTouchEvent/1[com.ldf.calendar.view.MotionEvent],false,97,1,0,0,0,2,1,4,2,0,1,1,0,0,0,0,0,0,0,0,0,0,1,0,0,0,8,1,0,false
C:\www\pessoal\lab-medicao-experiment-software\lab-02\lab-02\lab-02\repositorios\SuperCalendar\calendar\src\main\java\com\ldf\calendar\view\MonthPager.java,com.ldf.calendar.view.MonthPager,getPageScrollState/0,false,110,0,1,1,0,1,0,3,1,0,0,0,0,0,0,0,0,0,0,0,0,0,0,0,0,0,5,1,0,false
C:\www\pessoal\lab-medicao-experiment-software\lab-02\lab-02\lab-02\repositorios\SuperCalendar\calendar\src\main\java\com\ldf\calendar\view\MonthPager.java,com.ldf.calendar.view.MonthPager,MonthPager/1[com.ldf.calendar.view.Context],true,28,1,0,0,0,1,0,3,0,0,1,0,0,0,0,0,0,0,0,0,0,0,0,0,0,0,4,1,0,false
C:\www\pessoal\lab-medicao-experiment-software\lab-02\lab-02\lab-02\repositorios\SuperCalendar\calendar\src\main\java\com\ldf\calendar\view\MonthPager.java,com.ldf.calendar.view.MonthPager,"MonthPager/2[com.ldf.calendar.view.Context,com.ldf.calendar.view.AttributeSet]",true,32,3,1,0,1,1,1,4,0,0,2,1,1,2,0,0,0,0,0,0,0,0,0,0,0,0,5,1,0,false
C:\www\pessoal\lab-medicao-experiment-software\lab-02\lab-02\lab-02\repositorios\SuperCalendar\calendar\src\main\java\com\ldf\calendar\view\MonthPager.java,com.ldf.calendar.view.MonthPager,getRowIndex/0,false,152,2,5,3,2,1,5,6,1,1,0,5,0,0,0,0,0,0,2,1,2,2,0,0,0,0,10,1,0,false
C:\www\pessoal\lab-medicao-experiment-software\lab-02\lab-02\lab-02\repositorios\SuperCalendar\calendar\src\main\java\com\ldf\calendar\view\MonthPager.java,com.ldf.calendar.view.MonthPager,getCellHeight/0,false,131,0,3,3,0,1,0,3,1,0,0,0,0,0,0,0,0,0,0,0,0,0,0,0,0,0,4,1,0,false
C:\www\pessoal\lab-medicao-experiment-software\lab-02\lab-02\lab-02\repositorios\SuperCalendar\calendar\src\main\java\com\ldf\calendar\view\MonthPager.java,com.ldf.calendar.view.MonthPager,addOnPageChangeListener/1[com.ldf.calendar.view.MonthPager.OnPageChangeListener],false,79,1,1,1,0,1,1,4,0,0,1,1,0,0,0,0,0,0,2,0,1,0,0,0,0,0,10,1,0,false
C:\www\pessoal\lab-medicao-experiment-software\lab-02\lab-02\lab-02\repositorios\SuperCalendar\calendar\src\main\java\com\ldf\calendar\view\MonthPager.java,com.ldf.calendar.view.MonthPager,onTouchEvent/1[com.ldf.calendar.view.MotionEvent],false,89,1,0,0,0,2,1,4,2,0,1,1,0,0,0,0,0,0,0,0,0,0,1,0,0,0,7,1,0,false
C:\www\pessoal\lab-medicao-experiment-software\lab-02\lab-02\lab-02\repositorios\SuperCalendar\calendar\src\main\java\com\ldf\calendar\view\MonthPager.java,com.ldf.calendar.view.MonthPager,selectOtherMonth/1[int],false,104,1,3,1,2,1,4,5,0,1,1,4,0,0,0,0,0,0,0,0,1,1,0,0,0,0,14,1,0,false
C:\www\pessoal\lab-medicao-experiment-software\lab-02\lab-02\lab-02\repositorios\SuperCalendar\calendar\src\main\java\com\ldf\calendar\view\MonthPager.java,com.ldf.calendar.view.MonthPager,setCurrentPosition/1[int],false,148,0,0,0,0,1,0,3,0,0,1,0,0,0,0,0,0,0,0,0,1,0,0,0,0,0,4,1,0,false
C:\www\pessoal\lab-medicao-experiment-software\lab-02\lab-02\lab-02\repositorios\SuperCalendar\calendar\src\main\java\com\ldf\calendar\view\MonthPager.java,com.ldf.calendar.view.MonthPager,getCurrentPosition/0,false,144,0,1,1,0,1,0,3,1,0,0,0,0,0,0,0,0,0,0,0,0,0,0,0,0,0,4,1,0,false
C:\www\pessoal\lab-medicao-experiment-software\lab-02\lab-02\lab-02\repositorios\SuperCalendar\calendar\src\main\java\com\ldf\calendar\view\MonthPager.java,com.ldf.calendar.view.MonthPager,setRowIndex/1[int],false,159,0,0,0,0,1,0,3,0,0,1,0,0,0,0,0,0,0,0,0,1,0,0,0,0,0,4,1,0,false
C:\www\pessoal\lab-medicao-experiment-software\lab-02\lab-02\lab-02\repositorios\SuperCalendar\calendar\src\main\java\com\ldf\calendar\view\MonthPager.java,com.ldf.calendar.view.MonthPager,init/0,false,37,2,2,1,1,1,1,28,0,1,0,1,1,1,0,0,0,0,0,0,2,0,0,1,0,0,27,2,0,false
C:\www\pessoal\lab-medicao-experiment-software\lab-02\lab-02\lab-02\repositorios\SuperCalendar\calendar\src\main\java\com\ldf\calendar\view\MonthPager.java,com.ldf.calendar.view.MonthPager,setScrollable/1[boolean],false,84,0,3,3,0,1,0,3,0,0,1,0,0,0,0,0,0,0,0,0,1,0,0,0,0,0,3,1,0,false
C:\www\pessoal\lab-medicao-experiment-software\lab-02\lab-02\lab-02\repositorios\SuperCalendar\calendar\src\main\java\com\ldf\calendar\view\MonthPager.java,com.ldf.calendar.view.MonthPager,setViewHeight/1[int],false,135,0,1,1,0,1,0,4,0,0,1,0,0,0,0,0,0,0,0,1,2,1,0,0,0,0,5,1,0,false
C:\www\pessoal\lab-medicao-experiment-software\lab-02\lab-02\lab-02\repositorios\SuperCalendar\calendar\src\main\java\com\ldf\calendar\view\MonthPager.java,com.ldf.calendar.view.MonthPager,getViewHeight/0,false,140,0,4,4,0,1,0,3,1,0,0,0,0,0,0,0,0,0,0,0,0,0,0,0,0,0,4,1,0,false
C:\www\pessoal\lab-medicao-experiment-software\lab-02\lab-02\lab-02\repositorios\SuperCalendar\calendar\src\androidTest\java\com\ldf\mi\calendar\micalendar\ApplicationTest.java,com.ldf.mi.calendar.micalendar.ApplicationTest,ApplicationTest/0,true,10,1,0,0,0,1,0,3,0,0,0,0,0,0,0,0,0,0,0,0,0,0,0,0,0,0,2,1,0,false
C:\www\pessoal\lab-medicao-experiment-software\lab-02\lab-02\lab-02\repositorios\SuperCalendar\calendar\src\main\java\com\ldf\calendar\component\CalendarViewAdapter.java,com.ldf.calendar.component.CalendarViewAdapter$Anonymous1,updateSelectState/0,false,67,1,1,0,1,1,1,3,0,0,0,1,0,0,0,0,0,0,0,0,0,0,0,0,0,0,6,1,0,false
C:\www\pessoal\lab-medicao-experiment-software\lab-02\lab-02\lab-02\repositorios\SuperCalendar\calendar\src\main\java\com\ldf\calendar\component\CalendarViewAdapter.java,com.ldf.calendar.component.CalendarViewAdapter$Anonymous1,cancelSelectState/0,false,62,1,1,0,1,1,1,3,0,0,0,1,0,0,0,0,0,0,0,0,0,0,0,0,0,0,4,1,0,false
C:\www\pessoal\lab-medicao-experiment-software\lab-02\lab-02\lab-02\repositorios\SuperCalendar\calendar\src\main\java\com\ldf\calendar\view\MonthPager.java,com.ldf.calendar.view.MonthPager$Anonymous1,onPageSelected/1[int],false,47,1,5,0,5,3,1,9,0,0,1,1,0,0,0,1,0,0,0,0,2,0,2,0,0,0,14,1,0,false
C:\www\pessoal\lab-medicao-experiment-software\lab-02\lab-02\lab-02\repositorios\SuperCalendar\calendar\src\main\java\com\ldf\calendar\view\MonthPager.java,com.ldf.calendar.view.MonthPager$Anonymous1,onPageScrollStateChanged/1[int],false,58,1,1,0,1,2,1,7,0,0,1,1,0,0,0,1,0,0,0,0,2,0,1,0,0,0,14,1,0,false
C:\www\pessoal\lab-medicao-experiment-software\lab-02\lab-02\lab-02\repositorios\SuperCalendar\calendar\src\main\java\com\ldf\calendar\view\MonthPager.java,com.ldf.calendar.view.MonthPager$Anonymous1,"onPageScrolled/3[int,float,int]",false,40,1,1,0,1,2,1,5,0,0,3,1,0,0,0,1,0,0,0,0,0,0,1,0,0,0,10,1,0,false
C:\www\pessoal\lab-medicao-experiment-software\lab-02\lab-02\lab-02\repositorios\SuperCalendar\calendar\src\main\java\com\ldf\calendar\model\CalendarDate.java,com.ldf.calendar.model.CalendarDate,modifyDay/1[int],false,40,2,4,2,2,4,2,20,1,3,1,2,0,0,0,0,0,0,4,4,6,4,1,0,0,0,9,1,0,true
C:\www\pessoal\lab-medicao-experiment-software\lab-02\lab-02\lab-02\repositorios\SuperCalendar\calendar\src\main\java\com\ldf\calendar\model\CalendarDate.java,com.ldf.calendar.model.CalendarDate,toString/0,false,110,0,3,3,0,1,0,3,1,0,0,0,0,0,0,0,0,0,2,0,0,1,0,0,0,0,5,1,0,false
C:\www\pessoal\lab-medicao-experiment-software\lab-02\lab-02\lab-02\repositorios\SuperCalendar\calendar\src\main\java\com\ldf\calendar\model\CalendarDate.java,com.ldf.calendar.model.CalendarDate,modifyMonth/1[int],false,82,1,6,3,3,8,3,30,1,3,1,3,2,1,0,4,0,1,0,20,3,12,2,0,0,0,9,1,0,true
C:\www\pessoal\lab-medicao-experiment-software\lab-02\lab-02\lab-02\repositorios\SuperCalendar\calendar\src\main\java\com\ldf\calendar\model\CalendarDate.java,com.ldf.calendar.model.CalendarDate,getMonth/0,false,122,0,6,6,0,1,0,3,1,0,0,0,0,0,0,0,0,0,0,0,0,0,0,0,0,0,3,1,0,false
C:\www\pessoal\lab-medicao-experiment-software\lab-02\lab-02\lab-02\repositorios\SuperCalendar\calendar\src\main\java\com\ldf\calendar\model\CalendarDate.java,com.ldf.calendar.model.CalendarDate,equals/1[com.ldf.calendar.model.CalendarDate],false,138,1,7,4,3,5,3,9,3,0,1,3,3,1,0,4,0,0,0,0,0,0,1,0,0,0,7,1,0,false
C:\www\pessoal\lab-medicao-experiment-software\lab-02\lab-02\lab-02\repositorios\SuperCalendar\calendar\src\main\java\com\ldf\calendar\model\CalendarDate.java,com.ldf.calendar.model.CalendarDate,setYear/1[int],false,118,0,2,2,0,1,0,3,0,0,1,0,0,0,0,0,0,0,0,0,1,0,0,0,0,0,3,1,0,false
C:\www\pessoal\lab-medicao-experiment-software\lab-02\lab-02\lab-02\repositorios\SuperCalendar\calendar\src\main\java\com\ldf\calendar\model\CalendarDate.java,com.ldf.calendar.model.CalendarDate,cloneSelf/0,false,150,1,1,0,1,1,0,3,1,0,0,0,0,0,0,0,0,0,0,0,0,0,0,0,0,0,4,1,0,false
C:\www\pessoal\lab-medicao-experiment-software\lab-02\lab-02\lab-02\repositorios\SuperCalendar\calendar\src\main\java\com\ldf\calendar\model\CalendarDate.java,com.ldf.calendar.model.CalendarDate,CalendarDate/0,true,29,1,10,7,3,1,3,5,0,0,0,3,0,0,0,0,0,0,0,0,3,0,0,0,0,0,2,1,0,false
C:\www\pessoal\lab-medicao-experiment-software\lab-02\lab-02\lab-02\repositorios\SuperCalendar\calendar\src\main\java\com\ldf\calendar\model\CalendarDate.java,com.ldf.calendar.model.CalendarDate,modifyWeek/1[int],false,64,1,7,3,4,1,7,12,1,2,1,7,3,1,0,0,0,0,0,3,2,3,0,0,0,0,7,1,0,true
C:\www\pessoal\lab-medicao-experiment-software\lab-02\lab-02\lab-02\repositorios\SuperCalendar\calendar\src\main\java\com\ldf\calendar\model\CalendarDate.java,com.ldf.calendar.model.CalendarDate,setDay/1[int],false,134,0,4,4,0,1,0,3,0,0,1,0,0,0,0,0,0,0,0,0,1,0,0,0,0,0,3,1,0,false
C:\www\pessoal\lab-medicao-experiment-software\lab-02\lab-02\lab-02\repositorios\SuperCalendar\calendar\src\main\java\com\ldf\calendar\model\CalendarDate.java,com.ldf.calendar.model.CalendarDate,getDay/0,false,130,0,1,1,0,1,0,3,1,0,0,0,0,0,0,0,0,0,0,0,0,0,0,0,0,0,3,1,0,false
C:\www\pessoal\lab-medicao-experiment-software\lab-02\lab-02\lab-02\repositorios\SuperCalendar\calendar\src\main\java\com\ldf\calendar\model\CalendarDate.java,com.ldf.calendar.model.CalendarDate,"CalendarDate/3[int,int,int]",true,16,0,6,6,0,3,0,13,0,0,3,0,0,0,0,0,0,0,0,4,5,0,1,0,0,0,5,1,0,false
C:\www\pessoal\lab-medicao-experiment-software\lab-02\lab-02\lab-02\repositorios\SuperCalendar\calendar\src\main\java\com\ldf\calendar\model\CalendarDate.java,com.ldf.calendar.model.CalendarDate,setMonth/1[int],false,126,0,2,2,0,1,0,3,0,0,1,0,0,0,0,0,0,0,0,0,1,0,0,0,0,0,3,1,0,false
C:\www\pessoal\lab-medicao-experiment-software\lab-02\lab-02\lab-02\repositorios\SuperCalendar\calendar\src\main\java\com\ldf\calendar\model\CalendarDate.java,com.ldf.calendar.model.CalendarDate,getYear/0,false,114,0,6,6,0,1,0,3,1,0,0,0,0,0,0,0,0,0,0,0,0,0,0,0,0,0,3,1,0,false
C:\www\pessoal\lab-medicao-experiment-software\lab-02\lab-02\lab-02\repositorios\SuperCalendar\example\src\main\java\com\hqyxjy\ldf\supercalendar\ExampleAdapter.java,com.hqyxjy.ldf.supercalendar.ExampleAdapter$ViewHolder$Anonymous1,onClick/1[com.hqyxjy.ldf.supercalendar.View],false,50,1,10,0,10,1,2,3,0,0,1,2,0,0,0,0,0,0,2,0,0,1,0,0,0,0,7,1,0,false
C:\www\pessoal\lab-medicao-experiment-software\lab-02\lab-02\lab-02\repositorios\SuperCalendar\calendar\src\main\java\com\ldf\calendar\view\Calendar.java,com.ldf.calendar.view.Calendar,switchCalendarType/1[com.ldf.calendar.component.CalendarAttr.CalendarType],false,104,3,4,2,2,1,2,4,0,0,1,2,0,0,0,0,0,0,0,0,0,0,0,0,0,0,5,1,0,false
C:\www\pessoal\lab-medicao-experiment-software\lab-02\lab-02\lab-02\repositorios\SuperCalendar\calendar\src\main\java\com\ldf\calendar\view\Calendar.java,com.ldf.calendar.view.Calendar,showDate/1[com.ldf.calendar.model.CalendarDate],false,129,2,5,4,1,1,1,3,0,0,1,1,0,0,0,0,0,0,0,0,0,0,0,0,0,0,4,1,0,false
C:\www\pessoal\lab-medicao-experiment-software\lab-02\lab-02\lab-02\repositorios\SuperCalendar\calendar\src\main\java\com\ldf\calendar\view\Calendar.java,com.ldf.calendar.view.Calendar,getCellHeight/0,false,109,0,0,0,0,1,0,3,1,0,0,0,0,0,0,0,0,0,0,0,0,0,0,0,0,0,4,1,0,false
C:\www\pessoal\lab-medicao-experiment-software\lab-02\lab-02\lab-02\repositorios\SuperCalendar\calendar\src\main\java\com\ldf\calendar\view\Calendar.java,com.ldf.calendar.view.Calendar,resetSelectedRowIndex/0,false,113,1,1,0,1,1,1,3,0,0,0,1,0,0,0,0,0,0,0,0,0,0,0,0,0,0,4,1,0,false
C:\www\pessoal\lab-medicao-experiment-software\lab-02\lab-02\lab-02\repositorios\SuperCalendar\calendar\src\main\java\com\ldf\calendar\view\Calendar.java,com.ldf.calendar.view.Calendar,setSelectedRowIndex/1[int],false,121,1,1,0,1,1,1,3,0,0,1,1,0,0,0,0,0,0,0,0,0,0,0,0,0,0,5,1,0,false
C:\www\pessoal\lab-medicao-experiment-software\lab-02\lab-02\lab-02\repositorios\SuperCalendar\calendar\src\main\java\com\ldf\calendar\view\Calendar.java,com.ldf.calendar.view.Calendar,setDayRenderer/1[com.ldf.calendar.interf.IDayRenderer],false,158,2,2,1,1,1,1,3,0,0,1,1,0,0,0,0,0,0,0,0,0,0,0,0,0,0,5,1,0,false
C:\www\pessoal\lab-medicao-experiment-software\lab-02\lab-02\lab-02\repositorios\SuperCalendar\calendar\src\main\java\com\ldf\calendar\view\Calendar.java,com.ldf.calendar.view.Calendar,onDraw/1[com.ldf.calendar.view.Canvas],false,56,2,1,0,1,1,2,4,0,0,1,2,0,0,0,0,0,0,0,0,0,0,0,0,0,0,4,4,0,false
C:\www\pessoal\lab-medicao-experiment-software\lab-02\lab-02\lab-02\repositorios\SuperCalendar\calendar\src\main\java\com\ldf\calendar\view\Calendar.java,com.ldf.calendar.view.Calendar,"Calendar/3[com.ldf.calendar.view.Context,com.ldf.calendar.interf.OnSelectDateListener,com.ldf.calendar.component.CalendarAttr]",true,37,4,2,1,1,1,1,6,0,0,3,1,1,2,0,0,0,0,0,0,2,0,0,0,0,0,11,1,0,false
C:\www\pessoal\lab-medicao-experiment-software\lab-02\lab-02\lab-02\repositorios\SuperCalendar\calendar\src\main\java\com\ldf\calendar\view\Calendar.java,com.ldf.calendar.view.Calendar,getSelectedRowIndex/0,false,117,1,4,3,1,1,1,3,1,0,0,1,0,0,0,0,0,0,0,0,0,0,0,0,0,0,4,1,0,false
C:\www\pessoal\lab-medicao-experiment-software\lab-02\lab-02\lab-02\repositorios\SuperCalendar\calendar\src\main\java\com\ldf\calendar\view\Calendar.java,com.ldf.calendar.view.Calendar,getLastDate/0,false,154,2,2,1,1,1,1,3,1,0,0,1,0,0,0,0,0,0,0,0,0,0,0,0,0,0,4,1,0,false
C:\www\pessoal\lab-medicao-experiment-software\lab-02\lab-02\lab-02\repositorios\SuperCalendar\calendar\src\main\java\com\ldf\calendar\view\Calendar.java,com.ldf.calendar.view.Calendar,initAttrAndRenderer/0,false,50,1,3,1,2,1,1,4,0,0,0,1,0,0,0,0,0,0,0,0,1,0,0,0,0,0,10,2,0,false
C:\www\pessoal\lab-medicao-experiment-software\lab-02\lab-02\lab-02\repositorios\SuperCalendar\calendar\src\main\java\com\ldf\calendar\view\Calendar.java,com.ldf.calendar.view.Calendar,cancelSelectState/0,false,142,1,2,1,1,1,1,3,0,0,0,1,0,0,0,0,0,0,0,0,0,0,0,0,0,0,3,1,0,false
C:\www\pessoal\lab-medicao-experiment-software\lab-02\lab-02\lab-02\repositorios\SuperCalendar\calendar\src\main\java\com\ldf\calendar\view\Calendar.java,com.ldf.calendar.view.Calendar,getFirstDate/0,false,150,2,2,1,1,1,1,3,1,0,0,1,0,0,0,0,0,0,0,0,0,0,0,0,0,0,4,1,0,false
C:\www\pessoal\lab-medicao-experiment-software\lab-02\lab-02\lab-02\repositorios\SuperCalendar\calendar\src\main\java\com\ldf\calendar\view\Calendar.java,com.ldf.calendar.view.Calendar,"onSizeChanged/4[int,int,int,int]",false,62,2,3,0,3,1,4,8,0,0,4,4,0,0,0,0,0,0,0,0,2,2,0,0,0,0,12,4,0,false
C:\www\pessoal\lab-medicao-experiment-software\lab-02\lab-02\lab-02\repositorios\SuperCalendar\calendar\src\main\java\com\ldf\calendar\view\Calendar.java,com.ldf.calendar.view.Calendar,update/0,false,138,1,2,1,1,1,1,3,0,0,0,1,0,0,0,0,0,0,0,0,0,0,0,0,0,0,1,1,0,false
C:\www\pessoal\lab-medicao-experiment-software\lab-02\lab-02\lab-02\repositorios\SuperCalendar\calendar\src\main\java\com\ldf\calendar\view\Calendar.java,com.ldf.calendar.view.Calendar,setOnAdapterSelectListener/1[com.ldf.calendar.interf.OnAdapterSelectListener],false,125,1,1,1,0,1,0,3,0,0,1,0,0,0,0,0,0,0,0,0,1,0,0,0,0,0,6,1,0,false
C:\www\pessoal\lab-medicao-experiment-software\lab-02\lab-02\lab-02\repositorios\SuperCalendar\calendar\src\main\java\com\ldf\calendar\view\Calendar.java,com.ldf.calendar.view.Calendar,updateWeek/1[int],false,133,1,5,4,1,1,2,4,0,0,1,2,0,0,0,0,0,0,0,0,0,0,0,0,0,0,5,1,0,false
C:\www\pessoal\lab-medicao-experiment-software\lab-02\lab-02\lab-02\repositorios\SuperCalendar\calendar\src\main\java\com\ldf\calendar\view\Calendar.java,com.ldf.calendar.view.Calendar,getCalendarType/0,false,100,2,2,1,1,1,1,3,1,0,0,1,0,0,0,0,0,0,0,0,0,0,0,0,0,0,3,1,0,false
C:\www\pessoal\lab-medicao-experiment-software\lab-02\lab-02\lab-02\repositorios\SuperCalendar\calendar\src\main\java\com\ldf\calendar\view\Calendar.java,com.ldf.calendar.view.Calendar,onTouchEvent/1[com.ldf.calendar.view.MotionEvent],false,78,3,3,0,3,5,8,21,1,4,1,8,0,0,0,0,0,2,0,0,6,4,2,0,0,0,18,1,0,false
C:\www\pessoal\lab-medicao-experiment-software\lab-02\lab-02\lab-02\repositorios\SuperCalendar\calendar\src\main\java\com\ldf\calendar\view\Calendar.java,com.ldf.calendar.view.Calendar,getSeedDate/0,false,146,2,4,3,1,1,1,3,1,0,0,1,0,0,0,0,0,0,0,0,0,0,0,0,0,0,4,1,0,false
C:\www\pessoal\lab-medicao-experiment-software\lab-02\lab-02\lab-02\repositorios\SuperCalendar\calendar\src\main\java\com\ldf\calendar\view\Calendar.java,com.ldf.calendar.view.Calendar,init/1[com.ldf.calendar.view.Context],false,44,3,3,1,2,1,2,5,0,0,1,2,1,1,0,0,0,0,0,0,2,0,0,0,0,0,8,2,0,false
C:\www\pessoal\lab-medicao-experiment-software\lab-02\lab-02\lab-02\repositorios\SuperCalendar\calendar\src\main\java\com\ldf\calendar\interf\OnAdapterSelectListener.java,com.ldf.calendar.interf.OnAdapterSelectListener,updateSelectState/0,false,11,0,1,1,0,1,0,1,0,0,0,0,0,0,0,0,0,0,0,0,0,0,0,0,0,0,3,0,0,false
C:\www\pessoal\lab-medicao-experiment-software\lab-02\lab-02\lab-02\repositorios\SuperCalendar\calendar\src\main\java\com\ldf\calendar\interf\OnAdapterSelectListener.java,com.ldf.calendar.interf.OnAdapterSelectListener,cancelSelectState/0,false,10,0,1,1,0,1,0,1,0,0,0,0,0,0,0,0,0,0,0,0,0,0,0,0,0,0,3,0,0,false
C:\www\pessoal\lab-medicao-experiment-software\lab-02\lab-02\lab-02\repositorios\SuperCalendar\example\src\main\java\com\hqyxjy\ldf\supercalendar\SyllabusActivity.java,com.hqyxjy.ldf.supercalendar.SyllabusActivity,onResume/0,false,100,0,0,0,0,1,1,3,0,0,0,1,0,0,0,0,0,0,0,0,0,0,0,0,0,0,2,4,0,false
C:\www\pessoal\lab-medicao-experiment-software\lab-02\lab-02\lab-02\repositorios\SuperCalendar\example\src\main\java\com\hqyxjy\ldf\supercalendar\SyllabusActivity.java,com.hqyxjy.ldf.supercalendar.SyllabusActivity,initMarkData/0,false,184,1,2,1,1,1,2,8,0,1,0,2,0,0,0,0,0,0,8,0,1,0,0,0,0,0,4,2,0,true
C:\www\pessoal\lab-medicao-experiment-software\lab-02\lab-02\lab-02\repositorios\SuperCalendar\example\src\main\java\com\hqyxjy\ldf\supercalendar\SyllabusActivity.java,com.hqyxjy.ldf.supercalendar.SyllabusActivity,initMonthPager/0,false,220,3,3,1,2,1,4,28,0,0,0,4,0,0,0,0,0,0,0,0,0,0,0,2,0,0,26,2,0,true
C:\www\pessoal\lab-medicao-experiment-software\lab-02\lab-02\lab-02\repositorios\SuperCalendar\example\src\main\java\com\hqyxjy\ldf\supercalendar\SyllabusActivity.java,com.hqyxjy.ldf.supercalendar.SyllabusActivity,onWindowFocusChanged/1[boolean],false,86,1,1,0,1,3,2,7,0,0,1,2,1,1,0,0,0,0,0,0,1,0,1,0,0,0,10,1,0,true
C:\www\pessoal\lab-medicao-experiment-software\lab-02\lab-02\lab-02\repositorios\SuperCalendar\example\src\main\java\com\hqyxjy\ldf\supercalendar\SyllabusActivity.java,com.hqyxjy.ldf.supercalendar.SyllabusActivity,refreshClickDate/1[com.ldf.calendar.model.CalendarDate],false,209,1,3,1,2,1,3,5,0,0,1,3,0,0,0,0,0,0,2,0,1,2,0,0,0,0,6,2,0,false
C:\www\pessoal\lab-medicao-experiment-software\lab-02\lab-02\lab-02\repositorios\SuperCalendar\example\src\main\java\com\hqyxjy\ldf\supercalendar\SyllabusActivity.java,com.hqyxjy.ldf.supercalendar.SyllabusActivity,onClickBackToDayBtn/0,false,253,1,2,1,1,1,1,3,0,0,0,1,1,1,0,0,0,0,0,0,0,0,0,0,0,0,9,1,0,false
C:\www\pessoal\lab-medicao-experiment-software\lab-02\lab-02\lab-02\repositorios\SuperCalendar\example\src\main\java\com\hqyxjy\ldf\supercalendar\SyllabusActivity.java,com.hqyxjy.ldf.supercalendar.SyllabusActivity,initCalendarView/0,false,162,4,8,1,7,1,4,13,0,1,0,4,3,1,0,0,0,0,0,0,2,0,0,1,0,0,17,2,0,true
C:\www\pessoal\lab-medicao-experiment-software\lab-02\lab-02\lab-02\repositorios\SuperCalendar\example\src\main\java\com\hqyxjy\ldf\supercalendar\SyllabusActivity.java,com.hqyxjy.ldf.supercalendar.SyllabusActivity,refreshMonthPager/0,false,257,2,6,2,4,1,4,6,0,1,0,4,0,0,0,0,0,0,2,0,1,2,0,0,0,0,6,2,0,false
C:\www\pessoal\lab-medicao-experiment-software\lab-02\lab-02\lab-02\repositorios\SuperCalendar\example\src\main\java\com\hqyxjy\ldf\supercalendar\SyllabusActivity.java,com.hqyxjy.ldf.supercalendar.SyllabusActivity,onCreate/1[com.hqyxjy.ldf.supercalendar.Bundle],false,54,10,6,0,6,1,12,23,0,0,1,12,3,2,0,0,0,0,2,1,11,0,0,0,0,0,47,4,0,false
C:\www\pessoal\lab-medicao-experiment-software\lab-02\lab-02\lab-02\repositorios\SuperCalendar\example\src\main\java\com\hqyxjy\ldf\supercalendar\SyllabusActivity.java,com.hqyxjy.ldf.supercalendar.SyllabusActivity,initToolbarClickListener/0,false,109,1,1,1,0,1,1,39,0,0,0,1,0,0,0,0,0,0,0,0,0,0,0,5,0,0,14,2,0,true
C:\www\pessoal\lab-medicao-experiment-software\lab-02\lab-02\lab-02\repositorios\SuperCalendar\example\src\main\java\com\hqyxjy\ldf\supercalendar\SyllabusActivity.java,com.hqyxjy.ldf.supercalendar.SyllabusActivity,initListener/0,false,193,1,2,1,1,1,0,11,0,0,0,0,0,0,0,0,0,0,0,0,1,0,0,1,0,0,13,2,0,false
C:\www\pessoal\lab-medicao-experiment-software\lab-02\lab-02\lab-02\repositorios\SuperCalendar\example\src\main\java\com\hqyxjy\ldf\supercalendar\SyllabusActivity.java,com.hqyxjy.ldf.supercalendar.SyllabusActivity,refreshSelectBackground/0,false,264,3,5,1,4,1,3,6,0,1,0,3,0,0,0,0,0,0,0,0,1,0,0,0,0,0,9,2,0,false
C:\www\pessoal\lab-medicao-experiment-software\lab-02\lab-02\lab-02\repositorios\SuperCalendar\example\src\main\java\com\hqyxjy\ldf\supercalendar\SyllabusActivity.java,com.hqyxjy.ldf.supercalendar.SyllabusActivity,initCurrentDate/0,false,153,1,4,1,3,1,3,5,0,0,0,3,0,0,0,0,0,0,2,0,1,2,0,0,0,0,5,2,0,true
C:\www\pessoal\lab-medicao-experiment-software\lab-02\lab-02\lab-02\repositorios\SuperCalendar\example\src\main\java\com\hqyxjy\ldf\supercalendar\CustomDayView.java,com.hqyxjy.ldf.supercalendar.CustomDayView,"renderMarker/2[com.ldf.calendar.model.CalendarDate,com.ldf.calendar.component.State]",false,53,3,3,1,2,5,7,19,0,0,2,7,0,0,0,1,0,0,1,0,0,0,3,0,0,0,16,2,0,false
C:\www\pessoal\lab-medicao-experiment-software\lab-02\lab-02\lab-02\repositorios\SuperCalendar\example\src\main\java\com\hqyxjy\ldf\supercalendar\CustomDayView.java,com.hqyxjy.ldf.supercalendar.CustomDayView,renderToday/1[com.ldf.calendar.model.CalendarDate],false,83,1,2,1,1,3,3,12,0,0,1,3,0,0,0,1,0,0,2,0,0,1,2,0,0,0,16,2,0,false
C:\www\pessoal\lab-medicao-experiment-software\lab-02\lab-02\lab-02\repositorios\SuperCalendar\example\src\main\java\com\hqyxjy\ldf\supercalendar\CustomDayView.java,com.hqyxjy.ldf.supercalendar.CustomDayView,"CustomDayView/2[com.hqyxjy.ldf.supercalendar.Context,int]",true,37,3,2,2,0,1,1,7,0,0,2,1,0,0,0,0,0,0,0,0,4,0,0,0,0,0,18,1,0,true
C:\www\pessoal\lab-medicao-experiment-software\lab-02\lab-02\lab-02\repositorios\SuperCalendar\example\src\main\java\com\hqyxjy\ldf\supercalendar\CustomDayView.java,com.hqyxjy.ldf.supercalendar.CustomDayView,refreshContent/0,false,46,2,5,0,5,1,6,6,0,0,0,6,3,1,0,0,0,0,0,0,0,0,0,0,0,0,6,1,0,false
C:\www\pessoal\lab-medicao-experiment-software\lab-02\lab-02\lab-02\repositorios\SuperCalendar\example\src\main\java\com\hqyxjy\ldf\supercalendar\CustomDayView.java,com.hqyxjy.ldf.supercalendar.CustomDayView,renderSelect/1[com.ldf.calendar.component.State],false,70,1,1,1,0,4,3,14,0,0,1,3,0,0,0,3,0,0,2,0,0,0,1,0,0,0,13,2,0,false
C:\www\pessoal\lab-medicao-experiment-software\lab-02\lab-02\lab-02\repositorios\SuperCalendar\example\src\main\java\com\hqyxjy\ldf\supercalendar\CustomDayView.java,com.hqyxjy.ldf.supercalendar.CustomDayView,copy/0,false,96,2,1,0,1,1,0,3,1,0,0,0,0,0,0,0,0,0,0,0,0,0,0,0,0,0,6,1,0,false
C:\www\pessoal\lab-medicao-experiment-software\lab-02\lab-02\lab-02\repositorios\SuperCalendar\example\src\main\java\com\hqyxjy\ldf\supercalendar\SyllabusActivity.java,com.hqyxjy.ldf.supercalendar.SyllabusActivity$Anonymous6,onCalendarTypeChanged/1[com.ldf.calendar.component.CalendarAttr.CalendarType],false,172,1,0,0,0,1,1,3,0,0,1,1,0,0,0,0,0,0,0,1,0,0,0,0,0,0,5,1,0,false
C:\www\pessoal\lab-medicao-experiment-software\lab-02\lab-02\lab-02\repositorios\SuperCalendar\example\src\main\java\com\hqyxjy\ldf\supercalendar\SyllabusActivity.java,com.hqyxjy.ldf.supercalendar.SyllabusActivity$Anonymous7,onSelectOtherMonth/1[int],false,201,1,1,0,1,1,1,3,0,0,1,1,0,0,0,0,0,0,0,0,0,0,0,0,0,0,5,1,0,false
C:\www\pessoal\lab-medicao-experiment-software\lab-02\lab-02\lab-02\repositorios\SuperCalendar\example\src\main\java\com\hqyxjy\ldf\supercalendar\SyllabusActivity.java,com.hqyxjy.ldf.supercalendar.SyllabusActivity$Anonymous7,onSelectDate/1[com.ldf.calendar.model.CalendarDate],false,196,2,1,0,1,1,1,3,0,0,1,1,0,0,0,0,0,0,0,0,0,0,0,0,0,0,7,1,0,false
C:\www\pessoal\lab-medicao-experiment-software\lab-02\lab-02\lab-02\repositorios\SuperCalendar\calendar\src\main\java\com\ldf\calendar\component\CalendarViewAdapter.java,com.ldf.calendar.component.CalendarViewAdapter$OnCalendarTypeChanged,onCalendarTypeChanged/1[com.ldf.calendar.component.CalendarAttr.CalendarType],false,316,1,2,2,0,1,0,1,0,0,1,0,0,0,0,0,0,0,0,0,0,0,0,0,0,0,5,0,0,false
C:\www\pessoal\lab-medicao-experiment-software\lab-02\lab-02\lab-02\repositorios\SuperCalendar\example\src\main\java\com\hqyxjy\ldf\supercalendar\ExampleAdapter.java,com.hqyxjy.ldf.supercalendar.ExampleAdapter$ViewHolder,ViewHolder/1[com.hqyxjy.ldf.supercalendar.View],true,45,2,1,1,0,1,2,10,0,0,1,2,0,0,0,0,0,0,0,0,1,0,0,1,0,0,11,0,0,false
C:\www\pessoal\lab-medicao-experiment-software\lab-02\lab-02\lab-02\repositorios\SuperCalendar\example\src\main\java\com\hqyxjy\ldf\supercalendar\SyllabusActivity.java,com.hqyxjy.ldf.supercalendar.SyllabusActivity$Anonymous4,onClick/1[com.hqyxjy.ldf.supercalendar.View],false,136,2,10,0,10,1,2,3,0,0,1,2,0,0,0,0,0,0,0,1,0,1,0,0,0,0,4,1,0,false
C:\www\pessoal\lab-medicao-experiment-software\lab-02\lab-02\lab-02\repositorios\SuperCalendar\calendar\src\main\java\com\ldf\calendar\Utils.java,com.ldf.calendar.Utils,cleanMarkData/0,false,164,0,1,1,0,1,1,3,0,0,0,1,0,0,0,0,0,0,0,0,0,0,0,0,0,0,3,9,0,false
C:\www\pessoal\lab-medicao-experiment-software\lab-02\lab-02\lab-02\repositorios\SuperCalendar\calendar\src\main\java\com\ldf\calendar\Utils.java,com.ldf.calendar.Utils,getTouchSlop/1[com.ldf.calendar.Context],false,208,1,2,2,0,1,2,3,1,0,1,2,0,0,0,0,0,0,0,0,0,0,0,0,0,0,5,9,0,true
C:\www\pessoal\lab-medicao-experiment-software\lab-02\lab-02\lab-02\repositorios\SuperCalendar\calendar\src\main\java\com\ldf\calendar\Utils.java,com.ldf.calendar.Utils,"getDateFromString/2[int,int]",false,106,1,1,1,0,3,3,12,1,3,2,3,0,0,0,0,1,2,5,1,4,2,1,0,0,0,14,9,0,true
C:\www\pessoal\lab-medicao-experiment-software\lab-02\lab-02\lab-02\repositorios\SuperCalendar\calendar\src\main\java\com\ldf\calendar\Utils.java,com.ldf.calendar.Utils,loadTop/0,false,313,0,5,5,0,1,0,3,1,0,0,0,0,0,0,0,0,0,0,0,0,0,0,0,0,0,3,9,0,false
C:\www\pessoal\lab-medicao-experiment-software\lab-02\lab-02\lab-02\repositorios\SuperCalendar\calendar\src\main\java\com\ldf\calendar\Utils.java,com.ldf.calendar.Utils,Utils/0,true,30,0,0,0,0,1,0,2,0,0,0,0,0,0,0,0,0,0,0,0,0,0,0,0,0,0,1,2,0,false
C:\www\pessoal\lab-medicao-experiment-software\lab-02\lab-02\lab-02\repositorios\SuperCalendar\calendar\src\main\java\com\ldf\calendar\Utils.java,com.ldf.calendar.Utils,getYear/0,false,63,0,1,1,0,1,2,3,1,0,0,2,0,0,0,0,0,0,0,0,0,0,0,0,0,0,2,9,0,false
C:\www\pessoal\lab-medicao-experiment-software\lab-02\lab-02\lab-02\repositorios\SuperCalendar\calendar\src\main\java\com\ldf\calendar\Utils.java,com.ldf.calendar.Utils,getDay/0,false,71,0,1,1,0,1,2,3,1,0,0,2,0,0,0,0,0,0,0,0,0,0,0,0,0,0,2,9,0,false
C:\www\pessoal\lab-medicao-experiment-software\lab-02\lab-02\lab-02\repositorios\SuperCalendar\calendar\src\main\java\com\ldf\calendar\Utils.java,com.ldf.calendar.Utils,getMonth/0,false,67,0,1,1,0,1,2,3,1,0,0,2,0,0,0,0,0,0,0,1,0,1,0,0,0,0,2,9,0,false
C:\www\pessoal\lab-medicao-experiment-software\lab-02\lab-02\lab-02\repositorios\SuperCalendar\calendar\src\main\java\com\ldf\calendar\Utils.java,com.ldf.calendar.Utils,loadMarkData/0,false,150,0,1,1,0,1,0,3,1,0,0,0,0,0,0,0,0,0,0,0,0,0,0,0,0,0,4,9,0,true
C:\www\pessoal\lab-medicao-experiment-software\lab-02\lab-02\lab-02\repositorios\SuperCalendar\calendar\src\main\java\com\ldf\calendar\Utils.java,com.ldf.calendar.Utils,"calculateMonthOffset/3[int,int,com.ldf.calendar.model.CalendarDate]",false,126,1,2,0,2,1,2,6,1,3,3,2,0,0,0,0,0,2,0,1,3,4,0,0,0,0,9,9,0,true
C:\www\pessoal\lab-medicao-experiment-software\lab-02\lab-02\lab-02\repositorios\SuperCalendar\calendar\src\main\java\com\ldf\calendar\Utils.java,com.ldf.calendar.Utils,saveTop/1[int],false,309,0,3,3,0,1,0,3,0,0,1,0,0,0,0,0,0,0,0,0,1,0,0,0,0,0,4,9,0,false
C:\www\pessoal\lab-medicao-experiment-software\lab-02\lab-02\lab-02\repositorios\SuperCalendar\calendar\src\main\java\com\ldf\calendar\Utils.java,com.ldf.calendar.Utils,getSaturday/1[com.ldf.calendar.model.CalendarDate],false,243,1,6,4,2,2,8,15,1,4,1,8,0,0,0,0,1,0,1,2,5,2,1,0,0,0,16,9,0,true
C:\www\pessoal\lab-medicao-experiment-software\lab-02\lab-02\lab-02\repositorios\SuperCalendar\calendar\src\main\java\com\ldf\calendar\Utils.java,com.ldf.calendar.Utils,isScrollToBottom/0,false,268,0,1,1,0,1,0,3,1,0,0,0,0,0,0,0,0,0,0,0,0,0,0,0,0,0,5,9,0,true
C:\www\pessoal\lab-medicao-experiment-software\lab-02\lab-02\lab-02\repositorios\SuperCalendar\calendar\src\main\java\com\ldf\calendar\Utils.java,com.ldf.calendar.Utils,"calcOffset/3[int,int,int]",false,176,0,1,1,0,3,0,11,3,0,3,0,0,0,0,0,0,0,0,0,0,0,1,0,0,0,5,10,0,true
C:\www\pessoal\lab-medicao-experiment-software\lab-02\lab-02\lab-02\repositorios\SuperCalendar\calendar\src\main\java\com\ldf\calendar\Utils.java,com.ldf.calendar.Utils,"scroll/4[com.ldf.calendar.View,int,int,int]",false,195,2,3,2,1,1,3,6,1,2,4,3,1,1,0,0,0,0,0,0,2,2,0,0,0,0,10,9,0,true
C:\www\pessoal\lab-medicao-experiment-software\lab-02\lab-02\lab-02\repositorios\SuperCalendar\calendar\src\main\java\com\ldf\calendar\Utils.java,com.ldf.calendar.Utils,getSunday/1[com.ldf.calendar.model.CalendarDate],false,218,1,6,4,2,3,8,17,1,4,1,8,0,0,0,1,1,0,1,3,5,3,1,0,0,0,15,9,0,true
C:\www\pessoal\lab-medicao-experiment-software\lab-02\lab-02\lab-02\repositorios\SuperCalendar\calendar\src\main\java\com\ldf\calendar\Utils.java,com.ldf.calendar.Utils,setScrollToBottom/1[boolean],false,277,0,3,3,0,1,0,3,0,0,1,0,0,0,0,0,0,0,0,0,1,0,0,0,0,0,5,9,0,true
C:\www\pessoal\lab-medicao-experiment-software\lab-02\lab-02\lab-02\repositorios\SuperCalendar\calendar\src\main\java\com\ldf\calendar\Utils.java,com.ldf.calendar.Utils,"setMarkData/1[java.util.HashMap<java.lang.String,java.lang.String>]",false,160,0,1,1,0,1,0,3,0,0,1,0,0,0,0,0,0,0,0,0,1,0,0,0,0,0,5,9,0,true
C:\www\pessoal\lab-medicao-experiment-software\lab-02\lab-02\lab-02\repositorios\SuperCalendar\calendar\src\main\java\com\ldf\calendar\Utils.java,com.ldf.calendar.Utils,"scrollTo/4[com.ldf.calendar.CoordinatorLayout,com.ldf.calendar.RecyclerView,int,int]",false,290,3,4,3,1,1,3,16,0,1,4,3,0,0,0,0,0,0,0,2,1,1,0,1,0,0,17,9,0,true
C:\www\pessoal\lab-medicao-experiment-software\lab-02\lab-02\lab-02\repositorios\SuperCalendar\calendar\src\main\java\com\ldf\calendar\Utils.java,com.ldf.calendar.Utils,"dpi2px/2[com.ldf.calendar.Context,float]",false,140,1,1,1,0,1,2,3,1,0,2,2,0,0,0,0,0,1,0,1,0,2,0,0,0,0,4,9,0,true
C:\www\pessoal\lab-medicao-experiment-software\lab-02\lab-02\lab-02\repositorios\SuperCalendar\calendar\src\main\java\com\ldf\calendar\Utils.java,com.ldf.calendar.Utils,"getFirstDayWeekPosition/3[int,int,com.ldf.calendar.component.CalendarAttr.WeekArrayType]",false,83,2,2,1,1,3,4,15,2,2,3,4,1,1,0,1,0,0,0,4,4,2,2,0,0,0,15,9,0,true
C:\www\pessoal\lab-medicao-experiment-software\lab-02\lab-02\lab-02\repositorios\SuperCalendar\calendar\src\main\java\com\ldf\calendar\Utils.java,com.ldf.calendar.Utils,"getMonthDays/2[int,int]",false,41,1,2,2,0,7,1,22,1,2,2,1,0,0,0,3,1,1,0,28,8,4,1,0,0,0,8,9,0,true
C:\www\pessoal\lab-medicao-experiment-software\lab-02\lab-02\lab-02\repositorios\SuperCalendar\example\src\main\java\com\hqyxjy\ldf\supercalendar\SyllabusActivity.java,com.hqyxjy.ldf.supercalendar.SyllabusActivity$Anonymous5,onClick/1[com.hqyxjy.ldf.supercalendar.View],false,142,2,10,0,10,1,2,3,0,0,1,2,0,0,0,0,0,0,0,1,0,1,0,0,0,0,4,1,0,false
C:\www\pessoal\lab-medicao-experiment-software\lab-02\lab-02\lab-02\repositorios\SuperCalendar\calendar\src\main\java\com\ldf\calendar\interf\IDayRenderer.java,com.ldf.calendar.interf.IDayRenderer,"drawDay/2[com.ldf.calendar.interf.Canvas,com.ldf.calendar.view.Day]",false,18,2,1,1,0,1,0,1,0,0,2,0,0,0,0,0,0,0,0,0,0,0,0,0,0,0,4,0,0,false
C:\www\pessoal\lab-medicao-experiment-software\lab-02\lab-02\lab-02\repositorios\SuperCalendar\calendar\src\main\java\com\ldf\calendar\interf\IDayRenderer.java,com.ldf.calendar.interf.IDayRenderer,copy/0,false,20,1,1,1,0,1,0,1,0,0,0,0,0,0,0,0,0,0,0,0,0,0,0,0,0,0,4,0,0,false
C:\www\pessoal\lab-medicao-experiment-software\lab-02\lab-02\lab-02\repositorios\SuperCalendar\calendar\src\main\java\com\ldf\calendar\interf\IDayRenderer.java,com.ldf.calendar.interf.IDayRenderer,refreshContent/0,false,16,0,0,0,0,1,0,1,0,0,0,0,0,0,0,0,0,0,0,0,0,0,0,0,0,0,2,0,0,false
C:\www\pessoal\lab-medicao-experiment-software\lab-02\lab-02\lab-02\repositorios\SuperCalendar\example\src\main\java\com\hqyxjy\ldf\supercalendar\SyllabusActivity.java,com.hqyxjy.ldf.supercalendar.SyllabusActivity$Anonymous8,"transformPage/2[com.hqyxjy.ldf.supercalendar.View,float]",false,225,1,0,0,0,1,3,4,0,0,2,3,0,0,0,0,0,0,0,1,1,1,0,0,0,0,4,1,0,false
C:\www\pessoal\lab-medicao-experiment-software\lab-02\lab-02\lab-02\repositorios\SuperCalendar\example\src\main\java\com\hqyxjy\ldf\supercalendar\SyllabusActivity.java,com.hqyxjy.ldf.supercalendar.SyllabusActivity$Anonymous9,onPageScrollStateChanged/1[int],false,248,0,1,0,1,1,0,2,0,0,1,0,0,0,0,0,0,0,0,0,0,0,0,0,0,0,6,1,0,false
C:\www\pessoal\lab-medicao-experiment-software\lab-02\lab-02\lab-02\repositorios\SuperCalendar\example\src\main\java\com\hqyxjy\ldf\supercalendar\SyllabusActivity.java,com.hqyxjy.ldf.supercalendar.SyllabusActivity$Anonymous9,"onPageScrolled/3[int,float,int]",false,232,0,1,0,1,1,0,2,0,0,3,0,0,0,0,0,0,0,0,0,0,0,0,0,0,0,6,1,0,false
C:\www\pessoal\lab-medicao-experiment-software\lab-02\lab-02\lab-02\repositorios\SuperCalendar\example\src\main\java\com\hqyxjy\ldf\supercalendar\SyllabusActivity.java,com.hqyxjy.ldf.supercalendar.SyllabusActivity$Anonymous9,onPageSelected/1[int],false,236,3,5,0,5,2,7,10,0,1,1,7,0,0,0,1,0,0,2,0,4,4,1,0,0,0,12,1,0,false
C:\www\pessoal\lab-medicao-experiment-software\lab-02\lab-02\lab-02\repositorios\SuperCalendar\example\src\main\java\com\hqyxjy\ldf\supercalendar\ExampleAdapter.java,com.hqyxjy.ldf.supercalendar.ExampleAdapter,ExampleAdapter/1[com.hqyxjy.ldf.supercalendar.Context],true,21,1,1,1,0,1,3,5,0,0,1,3,0,0,0,0,0,0,0,0,3,0,0,0,0,0,7,1,0,false
C:\www\pessoal\lab-medicao-experiment-software\lab-02\lab-02\lab-02\repositorios\SuperCalendar\example\src\main\java\com\hqyxjy\ldf\supercalendar\ExampleAdapter.java,com.hqyxjy.ldf.supercalendar.ExampleAdapter,"onBindViewHolder/2[com.hqyxjy.ldf.supercalendar.ExampleAdapter.ViewHolder,int]",false,33,1,0,0,0,1,1,3,0,0,2,1,0,0,0,0,0,0,0,0,0,0,0,0,0,0,5,1,0,false
C:\www\pessoal\lab-medicao-experiment-software\lab-02\lab-02\lab-02\repositorios\SuperCalendar\example\src\main\java\com\hqyxjy\ldf\supercalendar\ExampleAdapter.java,com.hqyxjy.ldf.supercalendar.ExampleAdapter,getItemCount/0,false,38,0,0,0,0,2,0,3,1,0,0,0,0,0,0,1,0,0,0,1,0,0,0,0,0,0,5,1,0,false
C:\www\pessoal\lab-medicao-experiment-software\lab-02\lab-02\lab-02\repositorios\SuperCalendar\example\src\main\java\com\hqyxjy\ldf\supercalendar\ExampleAdapter.java,com.hqyxjy.ldf.supercalendar.ExampleAdapter,"onCreateViewHolder/2[com.hqyxjy.ldf.supercalendar.ViewGroup,int]",false,28,2,1,0,1,1,1,3,1,0,2,1,0,0,0,0,0,0,0,0,0,0,0,0,0,0,7,1,0,false
C:\www\pessoal\lab-medicao-experiment-software\lab-02\lab-02\lab-02\repositorios\SuperCalendar\example\src\main\java\com\hqyxjy\ldf\supercalendar\SyllabusActivity.java,com.hqyxjy.ldf.supercalendar.SyllabusActivity$Anonymous2,onClick/1[com.hqyxjy.ldf.supercalendar.View],false,118,4,10,0,10,2,7,10,0,0,1,7,0,0,0,1,0,0,0,2,0,0,1,0,0,0,4,1,0,false
C:\www\pessoal\lab-medicao-experiment-software\lab-02\lab-02\lab-02\repositorios\SuperCalendar\example\src\main\java\com\hqyxjy\ldf\supercalendar\SyllabusActivity.java,com.hqyxjy.ldf.supercalendar.SyllabusActivity$Anonymous3,onClick/1[com.hqyxjy.ldf.supercalendar.View],false,130,2,10,0,10,1,1,3,0,0,1,1,0,0,0,0,0,0,0,0,0,0,0,0,0,0,7,1,0,false
C:\www\pessoal\lab-medicao-experiment-software\lab-02\lab-02\lab-02\repositorios\SuperCalendar\example\src\main\java\com\hqyxjy\ldf\supercalendar\SyllabusActivity.java,com.hqyxjy.ldf.supercalendar.SyllabusActivity$Anonymous1,onClick/1[com.hqyxjy.ldf.supercalendar.View],false,112,2,10,0,10,1,1,3,0,0,1,1,0,0,0,0,0,0,0,0,0,0,0,0,0,0,8,1,0,false
